ngram	type2score_1	type2score_2	type2freq_1	type2freq_2	type2p_diff	type2s_diff	type2p_avg	type2s_ref_diff	type2shift_score
aaaah	2.340000e-01	2.340000e-01	0.000000e+00	0.000000e+00	0.000000e+00	0.000000e+00	0.000000e+00	-2.660000e-01	0.000000e+00
abominable	7.380000e-01	7.380000e-01	5.153887e-01	0.000000e+00	-4.983589e-05	0.000000e+00	2.491794e-05	2.380000e-01	-8.468002e-05
abomination	8.440000e-01	8.440000e-01	7.623358e-01	1.602500e+00	2.963441e-04	0.000000e+00	2.218867e-04	3.440000e-01	7.278075e-04
acceptances	2.030000e-01	2.030000e-01	0.000000e+00	0.000000e+00	0.000000e+00	0.000000e+00	0.000000e+00	-2.970000e-01	0.000000e+00
accident	7.500000e-01	7.500000e-01	3.325171e+01	6.282435e+00	-1.764522e-03	0.000000e+00	2.333038e-03	2.500000e-01	-3.149407e-03
acrobat	2.660000e-01	2.660000e-01	6.158977e-01	0.000000e+00	-5.955467e-05	0.000000e+00	2.977734e-05	-2.340000e-01	9.949322e-05
adjudicate	2.970000e-01	2.970000e-01	3.759398e-03	0.000000e+00	-3.635178e-07	0.000000e+00	1.817589e-07	-2.030000e-01	5.268457e-07
advance	1.880000e-01	1.880000e-01	1.523495e+01	3.235812e+00	-7.259221e-04	0.000000e+00	1.110194e-03	-3.120000e-01	1.616987e-03
affront	2.660000e-01	2.660000e-01	1.403667e-02	0.000000e+00	-1.357286e-06	0.000000e+00	6.786428e-07	-2.340000e-01	2.267508e-06
afraid	8.440000e-01	8.440000e-01	1.324931e+02	6.968144e+01	3.279727e-03	0.000000e+00	1.445138e-02	3.440000e-01	8.054858e-03
aga	2.190000e-01	2.190000e-01	0.000000e+00	0.000000e+00	0.000000e+00	0.000000e+00	0.000000e+00	-2.810000e-01	0.000000e+00
aggressive	7.030000e-01	7.030000e-01	1.795600e+01	7.613215e+00	2.181950e-05	0.000000e+00	1.747178e-03	2.030000e-01	3.162297e-05
aggressor	8.120000e-01	8.120000e-01	4.692951e-01	4.000000e-02	-3.614180e-05	0.000000e+00	2.730793e-05	3.120000e-01	-8.050560e-05
agonizing	7.030000e-01	7.030000e-01	1.575643e+00	4.761905e-01	-4.239326e-05	0.000000e+00	1.311613e-04	2.030000e-01	-6.144048e-05
agony	7.500000e-01	7.500000e-01	2.955440e+00	3.452020e+00	5.113823e-04	0.000000e+00	5.414696e-04	2.500000e-01	9.127409e-04
ahhh	1.250000e-01	1.250000e-01	6.108263e-01	5.882353e-02	-4.548042e-05	0.000000e+00	3.632408e-05	-3.750000e-01	1.217636e-04
alertness	2.160000e-01	2.160000e-01	7.157278e-02	0.000000e+00	-6.920782e-06	0.000000e+00	3.460391e-06	-2.840000e-01	1.403251e-05
alerts	2.760000e-01	2.760000e-01	0.000000e+00	0.000000e+00	0.000000e+00	0.000000e+00	0.000000e+00	-2.240000e-01	0.000000e+00
alligator	7.270000e-01	7.270000e-01	1.008446e+01	2.162165e+00	-4.758242e-04	0.000000e+00	7.372120e-04	2.270000e-01	-7.711417e-04
alreadyyyyy	1.400000e-01	1.400000e-01	0.000000e+00	0.000000e+00	0.000000e+00	0.000000e+00	0.000000e+00	-3.600000e-01	0.000000e+00
anaconda	7.500000e-01	7.500000e-01	2.471833e+00	0.000000e+00	-2.390156e-04	0.000000e+00	1.195078e-04	2.500000e-01	-4.266071e-04
anarchist	7.500000e-01	7.500000e-01	6.303181e-02	0.000000e+00	-6.094906e-06	0.000000e+00	3.047453e-06	2.500000e-01	-1.087850e-05
anarchy	7.500000e-01	7.500000e-01	7.281712e-01	2.000000e-01	-2.422587e-05	0.000000e+00	5.829811e-05	2.500000e-01	-4.323954e-05
anguish	7.030000e-01	7.030000e-01	1.982503e+00	1.500000e+00	1.546892e-04	0.000000e+00	2.690442e-04	2.030000e-01	2.241909e-04
annihilate	9.530000e-01	9.530000e-01	1.430526e+00	2.500000e-01	-8.059427e-05	0.000000e+00	9.802860e-05	4.530000e-01	-2.606539e-04
annihilated	8.590000e-01	8.590000e-01	0.000000e+00	0.000000e+00	0.000000e+00	0.000000e+00	0.000000e+00	3.590000e-01	0.000000e+00
annihilation	8.750000e-01	8.750000e-01	4.427209e-02	7.000000e-01	1.573672e-04	0.000000e+00	8.296452e-05	3.750000e-01	4.213153e-04
anthrax	8.590000e-01	8.590000e-01	0.000000e+00	0.000000e+00	0.000000e+00	0.000000e+00	0.000000e+00	3.590000e-01	0.000000e+00
anxietyattack	7.970000e-01	7.970000e-01	0.000000e+00	0.000000e+00	0.000000e+00	0.000000e+00	0.000000e+00	2.970000e-01	0.000000e+00
apache	2.810000e-01	2.810000e-01	4.375000e-01	0.000000e+00	-4.230438e-05	0.000000e+00	2.115219e-05	-2.190000e-01	6.614412e-05
apocalypse	8.440000e-01	8.440000e-01	6.068821e+00	5.917352e+00	7.796406e-04	0.000000e+00	9.766494e-04	3.440000e-01	1.914761e-03
armed	7.030000e-01	7.030000e-01	7.072763e+00	3.811111e+00	1.961783e-04	0.000000e+00	7.819950e-04	2.030000e-01	2.843208e-04
arsenic	7.030000e-01	7.030000e-01	1.035061e-01	1.000000e+00	2.209173e-04	0.000000e+00	1.204672e-04	2.030000e-01	3.201751e-04
arson	7.940000e-01	7.940000e-01	1.314426e-01	0.000000e+00	-1.270994e-05	0.000000e+00	6.354968e-06	2.940000e-01	-2.667795e-05
asap	1.910000e-01	1.910000e-01	0.000000e+00	0.000000e+00	0.000000e+00	0.000000e+00	0.000000e+00	-3.090000e-01	0.000000e+00
assailant	7.030000e-01	7.030000e-01	3.331167e+00	3.333333e-01	-2.451343e-04	0.000000e+00	1.995424e-04	2.030000e-01	-3.552727e-04
assassin	8.750000e-01	8.750000e-01	9.396317e+00	1.412121e+00	-5.824884e-04	0.000000e+00	6.173395e-04	3.750000e-01	-1.559482e-03
assassinate	9.060000e-01	9.060000e-01	1.078664e+00	0.000000e+00	-1.043022e-04	0.000000e+00	5.215112e-05	4.060000e-01	-3.023302e-04
assassination	8.280000e-01	8.280000e-01	1.434244e+00	1.000000e+00	9.224062e-05	0.000000e+00	1.848056e-04	3.280000e-01	2.160020e-04
assault	8.910000e-01	8.910000e-01	6.628124e+00	4.184524e+00	3.254035e-04	0.000000e+00	8.036130e-04	3.910000e-01	9.083659e-04
assessment	1.720000e-01	1.720000e-01	1.736015e+00	5.000000e-01	-5.240234e-05	0.000000e+00	1.416641e-04	-3.280000e-01	1.227118e-04
attack	7.970000e-01	7.970000e-01	1.631062e+02	7.197801e+01	8.499073e-04	0.000000e+00	1.619663e-02	2.970000e-01	1.802145e-03
attacking	8.590000e-01	8.590000e-01	1.589720e-01	0.000000e+00	-1.537191e-05	0.000000e+00	7.685956e-06	3.590000e-01	-3.939890e-05
attorney	1.880000e-01	1.880000e-01	2.163720e+00	6.666667e-01	-5.527188e-05	0.000000e+00	1.815865e-04	-3.120000e-01	1.231177e-04
audition	1.560000e-01	1.560000e-01	6.125902e+00	4.369748e-01	-4.914397e-04	0.000000e+00	3.466286e-04	-3.440000e-01	1.206953e-03
auditions	2.660000e-01	2.660000e-01	0.000000e+00	0.000000e+00	0.000000e+00	0.000000e+00	0.000000e+00	-2.340000e-01	0.000000e+00
auditor	2.970000e-01	2.970000e-01	2.226190e-02	0.000000e+00	-2.152631e-06	0.000000e+00	1.076316e-06	-2.030000e-01	3.119805e-06
avalanche	7.030000e-01	7.030000e-01	8.724190e-01	9.000000e-02	-6.357586e-05	0.000000e+00	5.257126e-05	2.030000e-01	-9.214039e-05
aversion	2.830000e-01	2.830000e-01	3.292119e-01	0.000000e+00	-3.183339e-05	0.000000e+00	1.591669e-05	-2.170000e-01	4.931787e-05
avoid	2.970000e-01	2.970000e-01	5.900835e+01	1.700578e+01	-1.778780e-03	0.000000e+00	4.816465e-03	-2.030000e-01	2.577983e-03
backtrack	1.510000e-01	1.510000e-01	1.665949e+00	2.000000e-02	-1.564716e-04	0.000000e+00	8.285433e-05	-3.490000e-01	3.898727e-04
badhabit	2.420000e-01	2.420000e-01	0.000000e+00	0.000000e+00	0.000000e+00	0.000000e+00	0.000000e+00	-2.580000e-01	0.000000e+00
bailiff	1.470000e-01	1.470000e-01	2.522676e-01	0.000000e+00	-2.439320e-05	0.000000e+00	1.219660e-05	-3.530000e-01	6.147594e-05
bait	2.190000e-01	2.190000e-01	2.558049e+00	3.333333e-01	-1.703771e-04	0.000000e+00	1.621638e-04	-2.810000e-01	3.418057e-04
bale	2.970000e-01	2.970000e-01	5.202122e-01	0.000000e+00	-5.030229e-05	0.000000e+00	2.515115e-05	-2.030000e-01	7.290303e-05
banger	2.660000e-01	2.660000e-01	1.666667e-01	0.000000e+00	-1.611595e-05	0.000000e+00	8.057977e-06	-2.340000e-01	2.692363e-05
barbaric	8.590000e-01	8.590000e-01	1.282051e-02	0.000000e+00	-1.239689e-06	0.000000e+00	6.198444e-07	3.590000e-01	-3.177378e-06
bases	1.560000e-01	1.560000e-01	0.000000e+00	0.000000e+00	0.000000e+00	0.000000e+00	0.000000e+00	-3.440000e-01	0.000000e+00
beast	7.340000e-01	7.340000e-01	2.642669e+01	1.251773e+01	3.353204e-04	0.000000e+00	2.723008e-03	2.340000e-01	5.601929e-04
bee	2.340000e-01	2.340000e-01	1.141852e+01	5.766984e+00	2.276237e-04	0.000000e+00	1.217934e-03	-2.660000e-01	-4.322758e-04
belt	2.660000e-01	2.660000e-01	2.083956e+01	9.718004e-01	-1.790683e-03	0.000000e+00	1.119755e-03	-2.340000e-01	2.991550e-03
bigday	1.090000e-01	1.090000e-01	0.000000e+00	0.000000e+00	0.000000e+00	0.000000e+00	0.000000e+00	-3.910000e-01	0.000000e+00
biggestfear	7.970000e-01	7.970000e-01	0.000000e+00	0.000000e+00	0.000000e+00	0.000000e+00	0.000000e+00	2.970000e-01	0.000000e+00
bigoted	2.810000e-01	2.810000e-01	0.000000e+00	0.000000e+00	0.000000e+00	0.000000e+00	0.000000e+00	-2.190000e-01	0.000000e+00
birch	1.720000e-01	1.720000e-01	8.195688e-02	1.000000e+00	2.230010e-04	0.000000e+00	1.194254e-04	-3.280000e-01	-5.222067e-04
birth	2.030000e-01	2.030000e-01	7.695233e+00	9.282107e-01	-5.297483e-04	0.000000e+00	4.792220e-04	-2.970000e-01	1.123279e-03
bitch	2.970000e-01	2.970000e-01	1.813529e+01	5.811209e+00	-4.116465e-04	0.000000e+00	1.547782e-03	-2.030000e-01	5.965986e-04
blemish	2.660000e-01	2.660000e-01	1.106120e-01	0.000000e+00	-1.069570e-05	0.000000e+00	5.347852e-06	-2.340000e-01	1.786846e-05
blindfold	2.660000e-01	2.660000e-01	7.977511e-01	1.000000e+00	1.537868e-04	0.000000e+00	1.540325e-04	-2.340000e-01	-2.569192e-04
bloodshed	8.590000e-01	8.590000e-01	3.683446e-01	0.000000e+00	-3.561735e-05	0.000000e+00	1.780867e-05	3.590000e-01	-9.128886e-05
bloodthirsty	9.220000e-01	9.220000e-01	1.436278e+00	6.833333e-01	1.891740e-05	0.000000e+00	1.483406e-04	4.220000e-01	5.699487e-05
bloody	7.810000e-01	7.810000e-01	2.242280e+01	7.094600e+00	-5.298623e-04	0.000000e+00	1.903258e-03	2.810000e-01	-1.062995e-03
blues	2.190000e-01	2.190000e-01	0.000000e+00	0.000000e+00	0.000000e+00	0.000000e+00	0.000000e+00	-2.810000e-01	0.000000e+00
bomb	9.350000e-01	9.350000e-01	2.929323e+01	1.727244e+01	1.156123e-03	0.000000e+00	3.410592e-03	4.350000e-01	3.590501e-03
bombard	7.400000e-01	7.400000e-01	1.369434e+00	1.428571e-01	-9.942904e-05	0.000000e+00	8.270393e-05	2.400000e-01	-1.703673e-04
bombardment	8.440000e-01	8.440000e-01	5.662265e-02	0.000000e+00	-5.475168e-06	0.000000e+00	2.737584e-06	3.440000e-01	-1.344676e-05
bomber	7.340000e-01	7.340000e-01	1.009515e+00	2.500000e-01	-3.988432e-05	0.000000e+00	7.767363e-05	2.340000e-01	-6.663154e-05
bombers	7.970000e-01	7.970000e-01	0.000000e+00	0.000000e+00	0.000000e+00	0.000000e+00	0.000000e+00	2.970000e-01	0.000000e+00
bombing	9.380000e-01	9.380000e-01	2.183217e+00	3.000000e+00	4.816699e-04	0.000000e+00	4.519427e-04	4.380000e-01	1.506209e-03
breakingnews	2.500000e-01	2.500000e-01	0.000000e+00	0.000000e+00	0.000000e+00	0.000000e+00	0.000000e+00	-2.500000e-01	0.000000e+00
brutal	8.280000e-01	8.280000e-01	3.752014e+00	1.111111e+00	-1.062194e-04	0.000000e+00	3.096940e-04	3.280000e-01	-2.487366e-04
brutality	9.220000e-01	9.220000e-01	1.178500e-01	0.000000e+00	-1.139559e-05	0.000000e+00	5.697794e-06	4.220000e-01	-3.433294e-05
buck	2.340000e-01	2.340000e-01	4.347761e+00	7.142857e-02	-4.039152e-04	0.000000e+00	2.184523e-04	-2.660000e-01	7.670676e-04
bug	1.880000e-01	1.880000e-01	4.750267e+01	1.420168e+01	-1.313771e-03	0.000000e+00	3.936420e-03	-3.120000e-01	2.926415e-03
burial	7.030000e-01	7.030000e-01	9.221570e-01	3.333333e-01	-1.219335e-05	0.000000e+00	8.307196e-05	2.030000e-01	-1.767180e-05
buzz	2.340000e-01	2.340000e-01	1.150095e+01	3.277778e-01	-1.036400e-03	0.000000e+00	5.938925e-04	-2.660000e-01	1.968208e-03
campaigning	1.250000e-01	1.250000e-01	4.878049e-03	4.166667e-02	9.150225e-06	0.000000e+00	5.046799e-06	-3.750000e-01	-2.449767e-05
cancer	8.280000e-01	8.280000e-01	5.249865e+00	1.334444e+00	-1.994817e-04	0.000000e+00	4.078986e-04	3.280000e-01	-4.671310e-04
cane	2.190000e-01	2.190000e-01	6.050984e+00	3.921569e-01	-4.945451e-04	0.000000e+00	3.378317e-04	-2.810000e-01	9.921424e-04
cannibal	7.400000e-01	7.400000e-01	1.161238e+00	2.651515e-01	-5.105644e-05	0.000000e+00	8.675857e-05	2.400000e-01	-8.748298e-05
carcinoma	7.030000e-01	7.030000e-01	0.000000e+00	0.000000e+00	0.000000e+00	0.000000e+00	0.000000e+00	2.030000e-01	0.000000e+00
caricature	1.410000e-01	1.410000e-01	4.973341e-01	0.000000e+00	-4.809008e-05	0.000000e+00	2.404504e-05	-3.590000e-01	1.232570e-04
carnage	7.170000e-01	7.170000e-01	7.432314e-01	1.333333e+00	2.360339e-04	0.000000e+00	1.898842e-04	2.170000e-01	3.656755e-04
cartridge	2.810000e-01	2.810000e-01	1.023783e+00	4.333333e-01	1.072397e-06	0.000000e+00	9.953168e-05	-2.190000e-01	-1.676724e-06
case	9.400000e-02	9.400000e-02	1.345947e+02	3.200033e+01	-5.625024e-03	0.000000e+00	1.020222e-02	-4.060000e-01	1.630468e-02
cash	6.200000e-02	6.200000e-02	8.032377e+00	6.738462e-01	-6.210880e-04	0.000000e+00	4.661525e-04	-4.380000e-01	1.942178e-03
casualty	7.190000e-01	7.190000e-01	1.998319e+00	3.000000e+00	4.995487e-04	0.000000e+00	4.430033e-04	2.190000e-01	7.810588e-04
cataract	2.500000e-01	2.500000e-01	1.018553e-01	0.000000e+00	-9.848971e-06	0.000000e+00	4.924485e-06	-2.500000e-01	1.757894e-05
catastrophe	9.530000e-01	9.530000e-01	3.986989e-01	1.071429e+00	2.088681e-04	0.000000e+00	1.429865e-04	4.530000e-01	6.755105e-04
cautious	2.810000e-01	2.810000e-01	6.859856e+00	5.700758e-01	-5.316735e-04	0.000000e+00	3.974820e-04	-2.190000e-01	8.312868e-04
cautiously	1.880000e-01	1.880000e-01	4.485360e+00	2.000000e-01	-3.875300e-04	0.000000e+00	2.399502e-04	-3.120000e-01	8.632204e-04
ceasefire	1.560000e-01	1.560000e-01	2.777778e-02	1.428571e-01	3.030342e-05	0.000000e+00	1.783770e-05	-3.440000e-01	-7.442380e-05
censor	1.490000e-01	1.490000e-01	3.553049e+00	5.000000e-01	-2.281017e-04	0.000000e+00	2.295138e-04	-3.510000e-01	5.716068e-04
chaff	1.720000e-01	1.720000e-01	6.439643e-02	0.000000e+00	-6.226860e-06	0.000000e+00	3.113430e-06	-3.280000e-01	1.458158e-05
challenge	2.810000e-01	2.810000e-01	4.015815e+01	6.953914e+00	-2.277283e-03	0.000000e+00	2.744480e-03	-2.190000e-01	3.560597e-03
change	1.980000e-01	1.980000e-01	5.061231e+02	1.316215e+02	-1.854514e-02	0.000000e+00	3.966738e-02	-3.020000e-01	3.998515e-02
chaos	8.390000e-01	8.390000e-01	1.214910e+01	2.528521e+00	-5.908653e-04	0.000000e+00	8.793337e-04	3.390000e-01	-1.430046e-03
checkpoint	1.720000e-01	1.720000e-01	5.947818e+00	1.361111e+00	-2.608128e-04	0.000000e+00	4.447222e-04	-3.280000e-01	6.107514e-04
chicken	2.340000e-01	2.340000e-01	1.958560e+01	4.273081e+00	-9.070787e-04	0.000000e+00	1.440304e-03	-2.660000e-01	1.722616e-03
cholera	7.500000e-01	7.500000e-01	0.000000e+00	0.000000e+00	0.000000e+00	0.000000e+00	0.000000e+00	2.500000e-01	0.000000e+00
civilian	6.200000e-02	6.200000e-02	4.768810e+00	1.000000e-01	-4.380310e-04	0.000000e+00	2.421081e-04	-4.380000e-01	1.369748e-03
civilians	6.200000e-02	6.200000e-02	0.000000e+00	0.000000e+00	0.000000e+00	0.000000e+00	0.000000e+00	-4.380000e-01	0.000000e+00
claustrophobia	8.030000e-01	8.030000e-01	3.652593e-01	1.500000e+00	3.110698e-04	0.000000e+00	1.908539e-04	3.030000e-01	6.729182e-04
claustrophobic	7.650000e-01	7.650000e-01	4.126289e+00	6.428571e-01	-2.505421e-04	0.000000e+00	2.737234e-04	2.650000e-01	-4.740110e-04
cloak	2.660000e-01	2.660000e-01	7.423607e+00	2.710699e+00	-9.186043e-05	0.000000e+00	6.719008e-04	-2.340000e-01	1.534639e-04
cloudiness	6.200000e-02	6.200000e-02	0.000000e+00	0.000000e+00	0.000000e+00	0.000000e+00	0.000000e+00	-4.380000e-01	0.000000e+00
clown	1.250000e-01	1.250000e-01	7.850698e+00	9.211277e+00	1.367993e-03	0.000000e+00	1.443126e-03	-3.750000e-01	-3.662495e-03
clowns	2.070000e-01	2.070000e-01	2.702703e-03	0.000000e+00	-2.613398e-07	0.000000e+00	1.306699e-07	-2.930000e-01	5.466822e-07
cobra	7.030000e-01	7.030000e-01	4.341726e-01	1.020000e+00	1.935618e-04	0.000000e+00	1.387635e-04	2.030000e-01	2.805287e-04
collapse	7.030000e-01	7.030000e-01	2.691034e+01	7.559290e+00	-8.564788e-04	0.000000e+00	2.173875e-03	2.030000e-01	-1.241293e-03
combat	7.280000e-01	7.280000e-01	1.040309e+01	1.257576e+00	-7.155271e-04	0.000000e+00	6.481703e-04	2.280000e-01	-1.164723e-03
compassion	7.800000e-02	7.800000e-02	3.186029e+00	1.423611e+00	2.067325e-05	0.000000e+00	3.184120e-04	-4.220000e-01	-6.228493e-05
competition	1.720000e-01	1.720000e-01	3.102937e+01	5.816984e+00	-1.657115e-03	0.000000e+00	2.171850e-03	-3.280000e-01	3.880505e-03
composure	1.720000e-01	1.720000e-01	5.058131e-01	1.428571e-01	-1.592055e-05	0.000000e+00	4.094969e-05	-3.280000e-01	3.728153e-05
confession	2.660000e-01	2.660000e-01	5.476418e-01	0.000000e+00	-5.295462e-05	0.000000e+00	2.647731e-05	-2.340000e-01	8.846703e-05
confessional	2.250000e-01	2.250000e-01	9.585077e-02	0.000000e+00	-9.268359e-06	0.000000e+00	4.634180e-06	-2.750000e-01	1.819690e-05
confidence	1.090000e-01	1.090000e-01	1.265586e+01	2.000000e+00	-7.619155e-04	0.000000e+00	8.428095e-04	-3.910000e-01	2.126891e-03
confident	9.400000e-02	9.400000e-02	2.201760e+01	3.670455e+00	-1.281405e-03	0.000000e+00	1.488305e-03	-4.060000e-01	3.714276e-03
confusion	2.810000e-01	2.810000e-01	2.048699e+01	3.323291e+00	-1.213570e-03	0.000000e+00	1.374219e-03	-2.190000e-01	1.897452e-03
contagious	7.200000e-01	7.200000e-01	1.038734e+00	1.000000e+00	1.304847e-04	0.000000e+00	1.656835e-04	2.200000e-01	2.049482e-04
cop	2.730000e-01	2.730000e-01	5.919966e+01	2.114077e+01	-8.424025e-04	0.000000e+00	5.303152e-03	-2.270000e-01	1.365235e-03
counsellor	9.400000e-02	9.400000e-02	1.626096e+00	0.000000e+00	-1.572366e-04	0.000000e+00	7.861828e-05	-4.060000e-01	4.557654e-04
countdown	1.560000e-01	1.560000e-01	8.042455e-01	0.000000e+00	-7.776711e-05	0.000000e+00	3.888355e-05	-3.440000e-01	1.909924e-04
courageous	1.540000e-01	1.540000e-01	2.597859e-01	0.000000e+00	-2.512018e-05	0.000000e+00	1.256009e-05	-3.460000e-01	6.205270e-05
court	2.840000e-01	2.840000e-01	2.478531e+01	5.373333e+00	-1.155792e-03	0.000000e+00	1.818738e-03	-2.160000e-01	1.782359e-03
cove	1.410000e-01	1.410000e-01	2.843464e+00	2.500000e-01	-2.172193e-04	0.000000e+00	1.663411e-04	-3.590000e-01	5.567430e-04
coy	1.620000e-01	1.620000e-01	1.114367e+00	0.000000e+00	-1.077545e-04	0.000000e+00	5.387725e-05	-3.380000e-01	2.600243e-04
crash	7.340000e-01	7.340000e-01	8.339010e+01	2.328934e+01	-2.685355e-03	0.000000e+00	6.720789e-03	2.340000e-01	-4.486207e-03
crime	7.190000e-01	7.190000e-01	9.713245e+00	2.245195e+00	-4.207557e-04	0.000000e+00	7.288514e-04	2.190000e-01	-6.578637e-04
criminal	7.660000e-01	7.660000e-01	1.044276e+01	2.551544e+00	-4.205525e-04	0.000000e+00	7.994938e-04	2.660000e-01	-7.986632e-04
cripple	7.030000e-01	7.030000e-01	1.214522e+00	1.000000e+00	1.134868e-04	0.000000e+00	1.741825e-04	2.030000e-01	1.644762e-04
crippling	8.170000e-01	8.170000e-01	6.464696e-01	0.000000e+00	-6.251085e-05	0.000000e+00	3.125543e-05	3.170000e-01	-1.414739e-04
crisis	7.660000e-01	7.660000e-01	2.504545e+00	5.303030e-01	-1.197181e-04	0.000000e+00	1.823198e-04	2.660000e-01	-2.273544e-04
cross	2.030000e-01	2.030000e-01	7.613733e+01	2.438327e+01	-1.731426e-03	0.000000e+00	6.496441e-03	-2.970000e-01	3.671319e-03
crouch	2.660000e-01	2.660000e-01	1.563373e+01	6.333748e+00	-4.908853e-05	0.000000e+00	1.487171e-03	-2.340000e-01	8.200828e-05
crouching	2.970000e-01	2.970000e-01	0.000000e+00	0.000000e+00	0.000000e+00	0.000000e+00	0.000000e+00	-2.030000e-01	0.000000e+00
crowds	2.660000e-01	2.660000e-01	0.000000e+00	0.000000e+00	0.000000e+00	0.000000e+00	0.000000e+00	-2.340000e-01	0.000000e+00
crucifixion	8.910000e-01	8.910000e-01	2.500000e-02	5.000000e-02	9.128900e-06	0.000000e+00	6.981843e-06	3.910000e-01	2.548338e-05
cruelty	7.970000e-01	7.970000e-01	1.750497e+00	1.000000e+00	6.166034e-05	0.000000e+00	2.000957e-04	2.970000e-01	1.307447e-04
crushed	8.120000e-01	8.120000e-01	5.120120e-01	5.000000e-01	6.595356e-05	0.000000e+00	8.248615e-05	3.120000e-01	1.469111e-04
cupping	2.660000e-01	2.660000e-01	0.000000e+00	0.000000e+00	0.000000e+00	0.000000e+00	0.000000e+00	-2.340000e-01	0.000000e+00
cursed	7.340000e-01	7.340000e-01	4.374006e-02	0.000000e+00	-4.229477e-06	0.000000e+00	2.114739e-06	2.340000e-01	-7.065848e-06
cyanide	7.970000e-01	7.970000e-01	1.281857e+00	5.000000e-01	-8.487191e-06	0.000000e+00	1.197065e-04	2.970000e-01	-1.799626e-05
damnation	8.120000e-01	8.120000e-01	7.390844e-02	0.000000e+00	-7.146630e-06	0.000000e+00	3.573315e-06	3.120000e-01	-1.591907e-05
danger	8.020000e-01	8.020000e-01	3.302823e+01	6.145563e+00	-1.774519e-03	0.000000e+00	2.306429e-03	3.020000e-01	-3.826039e-03
dangerous	7.500000e-01	7.500000e-01	3.611149e+01	1.355400e+01	-3.618572e-04	0.000000e+00	3.310898e-03	2.500000e-01	-6.458609e-04
dangerously	7.660000e-01	7.660000e-01	1.317777e+00	1.428571e-01	-9.443398e-05	0.000000e+00	8.020640e-05	2.660000e-01	-1.793378e-04
dashed	2.970000e-01	2.970000e-01	0.000000e+00	0.000000e+00	0.000000e+00	0.000000e+00	0.000000e+00	-2.030000e-01	0.000000e+00
dawned	1.500000e-01	1.500000e-01	0.000000e+00	0.000000e+00	0.000000e+00	0.000000e+00	0.000000e+00	-3.500000e-01	0.000000e+00
deadlines	1.880000e-01	1.880000e-01	0.000000e+00	0.000000e+00	0.000000e+00	0.000000e+00	0.000000e+00	-3.120000e-01	0.000000e+00
deadly	8.750000e-01	8.750000e-01	6.550066e+00	4.302128e+00	3.601094e-04	0.000000e+00	8.134181e-04	3.750000e-01	9.641120e-04
death	8.430000e-01	8.430000e-01	7.359398e+01	3.841851e+01	1.755605e-03	0.000000e+00	7.994026e-03	3.430000e-01	4.299152e-03
default	2.260000e-01	2.260000e-01	3.312660e+00	0.000000e+00	-3.203200e-04	0.000000e+00	1.601600e-04	-2.740000e-01	6.266087e-04
defend	2.500000e-01	2.500000e-01	2.717746e+01	8.725195e+00	-6.130710e-04	0.000000e+00	2.321409e-03	-2.500000e-01	1.094240e-03
defense	2.580000e-01	2.580000e-01	5.789305e+00	2.429167e+00	1.156362e-06	0.000000e+00	5.603793e-04	-2.420000e-01	-1.997888e-06
deflation	2.970000e-01	2.970000e-01	0.000000e+00	0.000000e+00	0.000000e+00	0.000000e+00	0.000000e+00	-2.030000e-01	0.000000e+00
delay	1.410000e-01	1.410000e-01	7.542377e+00	7.911251e-01	-5.466243e-04	0.000000e+00	4.560034e-04	-3.590000e-01	1.401023e-03
deluge	2.870000e-01	2.870000e-01	9.500467e-02	6.250000e-02	5.246322e-06	0.000000e+00	1.180971e-05	-2.130000e-01	-7.978042e-06
delusional	2.500000e-01	2.500000e-01	3.161383e+00	2.140000e+00	1.884891e-04	0.000000e+00	3.999368e-04	-2.500000e-01	-3.364249e-04
demon	9.060000e-01	9.060000e-01	7.003389e+01	4.720568e+01	4.129035e-03	0.000000e+00	8.836495e-03	4.060000e-01	1.196841e-02
demonic	8.590000e-01	8.590000e-01	8.596380e+00	1.018038e+01	1.519679e-03	0.000000e+00	1.591073e-03	3.590000e-01	3.895005e-03
dependence	2.340000e-01	2.340000e-01	2.702703e-03	0.000000e+00	-2.613398e-07	0.000000e+00	1.306699e-07	-2.660000e-01	4.963054e-07
depraved	7.340000e-01	7.340000e-01	8.928571e-03	0.000000e+00	-8.633547e-07	0.000000e+00	4.316773e-07	2.340000e-01	-1.442337e-06
depreciated	2.970000e-01	2.970000e-01	0.000000e+00	0.000000e+00	0.000000e+00	0.000000e+00	0.000000e+00	-2.030000e-01	0.000000e+00
deranged	7.030000e-01	7.030000e-01	5.351237e-01	4.047619e-01	4.172582e-05	0.000000e+00	7.260709e-05	2.030000e-01	6.047317e-05
desperation	7.190000e-01	7.190000e-01	1.788910e+00	2.200000e+00	3.350570e-04	0.000000e+00	3.405084e-04	2.190000e-01	5.238713e-04
destination	1.090000e-01	1.090000e-01	2.538517e+01	5.615909e+00	-1.157778e-03	0.000000e+00	1.875748e-03	-3.910000e-01	3.231945e-03
destroyed	7.540000e-01	7.540000e-01	2.040816e-03	0.000000e+00	-1.973382e-07	0.000000e+00	9.866911e-08	2.540000e-01	-3.578547e-07
destroyer	7.500000e-01	7.500000e-01	5.721076e-01	0.000000e+00	-5.532036e-05	0.000000e+00	2.766018e-05	2.500000e-01	-9.873855e-05
destroying	8.440000e-01	8.440000e-01	3.095975e-03	0.000000e+00	-2.993676e-07	0.000000e+00	1.496838e-07	3.440000e-01	-7.352330e-07
destruction	7.970000e-01	7.970000e-01	5.216613e+00	1.305036e+00	-2.030576e-04	0.000000e+00	4.028953e-04	2.970000e-01	-4.305639e-04
destructive	8.120000e-01	8.120000e-01	3.077111e+00	2.000000e+00	1.643082e-04	0.000000e+00	3.796976e-04	3.120000e-01	3.659955e-04
detonate	7.660000e-01	7.660000e-01	8.976248e-01	0.000000e+00	-8.679648e-05	0.000000e+00	4.339824e-05	2.660000e-01	-1.648335e-04
devastate	7.920000e-01	7.920000e-01	2.001357e+00	2.503268e+00	3.845466e-04	0.000000e+00	3.857960e-04	2.920000e-01	8.016663e-04
devastating	7.190000e-01	7.190000e-01	1.224627e+00	1.333333e+00	1.894849e-04	0.000000e+00	2.131587e-04	2.190000e-01	2.962652e-04
devastation	9.060000e-01	9.060000e-01	3.798352e-01	1.000000e+00	1.941974e-04	0.000000e+00	1.338272e-04	4.060000e-01	5.629001e-04
devil	8.280000e-01	8.280000e-01	1.216044e+01	9.453600e+00	1.007218e-03	0.000000e+00	1.679472e-03	3.280000e-01	2.358626e-03
devilish	7.340000e-01	7.340000e-01	1.394640e+00	9.242424e-01	7.857572e-05	0.000000e+00	1.741436e-04	2.340000e-01	1.312702e-04
diabolical	7.030000e-01	7.030000e-01	1.007990e+00	0.000000e+00	-9.746837e-05	0.000000e+00	4.873418e-05	2.030000e-01	-1.412607e-04
dictatorship	7.340000e-01	7.340000e-01	8.583492e-01	0.000000e+00	-8.299869e-05	0.000000e+00	4.149935e-05	2.340000e-01	-1.386593e-04
die	7.660000e-01	7.660000e-01	2.794138e+02	1.458635e+02	6.665539e-03	0.000000e+00	3.035089e-02	2.660000e-01	1.265840e-02
difficulty	2.340000e-01	2.340000e-01	1.154711e+01	5.928571e-01	-9.796500e-04	0.000000e+00	6.267311e-04	-2.660000e-01	1.860434e-03
disaster	8.750000e-01	8.750000e-01	8.009439e+00	1.492857e+00	-4.297392e-04	0.000000e+00	5.596089e-04	3.750000e-01	-1.150530e-03
disastrous	8.750000e-01	8.750000e-01	2.204970e-01	0.000000e+00	-2.132112e-05	0.000000e+00	1.066056e-05	3.750000e-01	-5.708250e-05
discontent	2.340000e-01	2.340000e-01	2.567568e-01	0.000000e+00	-2.482728e-05	0.000000e+00	1.241364e-05	-2.660000e-01	4.714901e-05
discourage	2.810000e-01	2.810000e-01	2.789378e+00	0.000000e+00	-2.697209e-04	0.000000e+00	1.348605e-04	-2.190000e-01	4.217164e-04
diseased	7.340000e-01	7.340000e-01	3.195604e-01	2.777778e-02	-2.448552e-05	0.000000e+00	1.865737e-05	2.340000e-01	-4.090599e-05
disinformation	2.860000e-01	2.860000e-01	2.006018e-03	0.000000e+00	-1.939734e-07	0.000000e+00	9.698669e-08	-2.140000e-01	2.963587e-07
dismemberment	8.750000e-01	8.750000e-01	0.000000e+00	5.000000e-01	1.154629e-04	0.000000e+00	5.773147e-05	3.750000e-01	3.091261e-04
displeased	2.730000e-01	2.730000e-01	1.500885e+00	6.666667e-02	-1.297341e-04	0.000000e+00	8.026213e-05	-2.270000e-01	2.102529e-04
doom	8.280000e-01	8.280000e-01	7.111575e+00	5.216399e+00	5.169427e-04	0.000000e+00	9.461302e-04	3.280000e-01	1.210537e-03
doomed	8.880000e-01	8.880000e-01	2.402190e-02	0.000000e+00	-2.322815e-06	0.000000e+00	1.161408e-06	3.880000e-01	-6.434402e-06
doomsday	8.280000e-01	8.280000e-01	2.526849e+00	0.000000e+00	-2.443355e-04	0.000000e+00	1.221677e-04	3.280000e-01	-5.721662e-04
doubt	2.500000e-01	2.500000e-01	3.439947e+01	8.115873e+00	-1.452117e-03	0.000000e+00	2.600223e-03	-2.500000e-01	2.591811e-03
dread	8.590000e-01	8.590000e-01	6.881405e+00	5.728968e+00	6.575645e-04	0.000000e+00	9.941847e-04	3.590000e-01	1.685367e-03
dreaded	7.030000e-01	7.030000e-01	3.423564e-01	4.454545e-01	6.976258e-05	0.000000e+00	6.798569e-05	2.030000e-01	1.011068e-04
dreadful	7.500000e-01	7.500000e-01	2.123966e+00	0.000000e+00	-2.053784e-04	0.000000e+00	1.026892e-04	2.500000e-01	-3.665697e-04
dreadfully	7.960000e-01	7.960000e-01	2.102953e-01	4.761905e-01	8.963004e-05	0.000000e+00	6.514968e-05	2.960000e-01	1.894118e-04
dreamt	1.110000e-01	1.110000e-01	2.891014e-01	1.000000e+00	2.029710e-04	0.000000e+00	1.294404e-04	-3.890000e-01	-5.636965e-04
drown	8.440000e-01	8.440000e-01	2.390793e+01	7.433438e+00	-5.952219e-04	0.000000e+00	2.014184e-03	3.440000e-01	-1.461838e-03
dwarfed	2.810000e-01	2.810000e-01	1.785714e-02	0.000000e+00	-1.726709e-06	0.000000e+00	8.633547e-07	-2.190000e-01	2.699760e-06
dying	9.480000e-01	9.480000e-01	4.613108e-01	1.000000e+00	1.863191e-04	0.000000e+00	1.377663e-04	4.480000e-01	5.959326e-04
earthquake	8.120000e-01	8.120000e-01	9.830327e+00	3.750000e+00	-8.457853e-05	0.000000e+00	9.082613e-04	3.120000e-01	-1.883981e-04
elevation	2.660000e-01	2.660000e-01	1.897517e+00	0.000000e+00	-1.834818e-04	0.000000e+00	9.174088e-05	-2.340000e-01	3.065283e-04
elf	1.850000e-01	1.850000e-01	7.115880e+00	5.694444e-01	-5.565757e-04	0.000000e+00	4.097873e-04	-3.150000e-01	1.251689e-03
emergency	7.190000e-01	7.190000e-01	4.778089e+00	3.027778e+00	2.371715e-04	0.000000e+00	5.806065e-04	2.190000e-01	3.708245e-04
endless	2.970000e-01	2.970000e-01	1.420798e+01	4.101681e+00	-4.266671e-04	0.000000e+00	1.160518e-03	-2.030000e-01	6.183680e-04
enslaved	7.810000e-01	7.810000e-01	1.698842e-02	0.000000e+00	-1.642707e-06	0.000000e+00	8.213537e-07	2.810000e-01	-3.295553e-06
epidemic	7.760000e-01	7.760000e-01	1.367476e+00	0.000000e+00	-1.322290e-04	0.000000e+00	6.611452e-05	2.760000e-01	-2.605540e-04
eradication	8.280000e-01	8.280000e-01	2.110502e-02	0.000000e+00	-2.040765e-06	0.000000e+00	1.020383e-06	3.280000e-01	-4.778908e-06
eventuality	1.410000e-01	1.410000e-01	2.817723e-02	0.000000e+00	-2.724617e-06	0.000000e+00	1.362309e-06	-3.590000e-01	6.983316e-06
everyman	1.780000e-01	1.780000e-01	9.668968e-02	0.000000e+00	-9.349479e-06	0.000000e+00	4.674739e-06	-3.220000e-01	2.149340e-05
evil	8.330000e-01	8.330000e-01	6.441974e+01	4.166892e+01	3.393320e-03	0.000000e+00	7.925773e-03	3.330000e-01	8.067348e-03
examination	2.040000e-01	2.040000e-01	1.985983e+00	5.000000e-01	-7.657318e-05	0.000000e+00	1.537495e-04	-2.960000e-01	1.618192e-04
excite	1.320000e-01	1.320000e-01	7.334353e+00	1.333333e+00	-4.012994e-04	0.000000e+00	5.085509e-04	-3.680000e-01	1.054334e-03
excruciating	7.190000e-01	7.190000e-01	1.275070e+00	2.053571e-01	-7.587153e-05	0.000000e+00	8.535804e-05	2.190000e-01	-1.186273e-04
execution	8.440000e-01	8.440000e-01	1.460816e+00	2.000000e+00	3.205971e-04	0.000000e+00	3.015532e-04	3.440000e-01	7.873717e-04
executioner	8.590000e-01	8.590000e-01	3.137187e-01	2.651515e-01	3.089509e-05	0.000000e+00	4.578280e-05	3.590000e-01	7.918550e-05
exorcism	8.000000e-01	8.000000e-01	2.181161e-01	6.969697e-01	1.398574e-04	0.000000e+00	9.101962e-05	3.000000e-01	2.995495e-04
explode	8.280000e-01	8.280000e-01	4.741186e+01	1.449980e+01	-1.236145e-03	0.000000e+00	3.966451e-03	3.280000e-01	-2.894710e-03
explosion	8.790000e-01	8.790000e-01	2.262808e+01	1.026177e+01	1.816691e-04	0.000000e+00	2.278873e-03	3.790000e-01	4.915662e-04
explosive	8.590000e-01	8.590000e-01	4.091251e+00	2.000000e+00	6.624522e-05	0.000000e+00	4.287291e-04	3.590000e-01	1.697895e-04
exterminate	8.100000e-01	8.100000e-01	5.590814e-01	1.111111e-01	-2.840235e-05	0.000000e+00	3.985961e-05	3.100000e-01	-6.286049e-05
extermination	7.970000e-01	7.970000e-01	2.224609e-01	0.000000e+00	-2.151102e-05	0.000000e+00	1.075551e-05	2.970000e-01	-4.561201e-05
fatal	8.280000e-01	8.280000e-01	3.511368e+00	3.030303e-02	-3.325365e-04	0.000000e+00	1.732660e-04	3.280000e-01	-7.787086e-04
fatality	9.060000e-01	9.060000e-01	5.164612e-02	0.000000e+00	-4.993959e-06	0.000000e+00	2.496979e-06	4.060000e-01	-1.447547e-05
fear	8.280000e-01	8.280000e-01	1.284503e+02	1.069679e+02	1.228107e-02	0.000000e+00	1.856113e-02	3.280000e-01	2.875888e-02
feared	7.820000e-01	7.820000e-01	1.098901e-02	0.000000e+00	-1.062590e-06	0.000000e+00	5.312952e-07	2.820000e-01	-2.139325e-06
fearful	7.660000e-01	7.660000e-01	6.337867e+00	5.562645e+00	6.717139e-04	0.000000e+00	9.487017e-04	2.660000e-01	1.275639e-03
fearing	8.080000e-01	8.080000e-01	0.000000e+00	1.000000e+00	2.309259e-04	0.000000e+00	1.154629e-04	3.080000e-01	5.077911e-04
fearless	2.000000e-01	2.000000e-01	2.240589e+00	0.000000e+00	-2.166554e-04	0.000000e+00	1.083277e-04	-3.000000e-01	4.640369e-04
fears	7.500000e-01	7.500000e-01	0.000000e+00	0.000000e+00	0.000000e+00	0.000000e+00	0.000000e+00	2.500000e-01	0.000000e+00
fight	7.190000e-01	7.190000e-01	3.074501e+02	9.245257e+01	-8.379417e-03	0.000000e+00	2.553940e-02	2.190000e-01	-1.310146e-02
finalized	2.340000e-01	2.340000e-01	0.000000e+00	0.000000e+00	0.000000e+00	0.000000e+00	0.000000e+00	-2.660000e-01	0.000000e+00
fingerscrossed	2.190000e-01	2.190000e-01	0.000000e+00	0.000000e+00	0.000000e+00	0.000000e+00	0.000000e+00	-2.810000e-01	0.000000e+00
flounder	2.970000e-01	2.970000e-01	6.084729e-02	1.666667e-01	3.260397e-05	0.000000e+00	2.218566e-05	-2.030000e-01	-4.725289e-05
fluctuation	2.040000e-01	2.040000e-01	5.618993e-01	0.000000e+00	-5.433326e-05	0.000000e+00	2.716663e-05	-2.960000e-01	1.148204e-04
flurries	2.660000e-01	2.660000e-01	0.000000e+00	0.000000e+00	0.000000e+00	0.000000e+00	0.000000e+00	-2.340000e-01	0.000000e+00
flying	2.810000e-01	2.810000e-01	2.934359e+01	5.067262e+00	-1.667238e-03	0.000000e+00	2.003781e-03	-2.190000e-01	2.606775e-03
force	2.660000e-01	2.660000e-01	1.280979e+02	4.910972e+01	-1.045818e-03	0.000000e+00	1.186361e-02	-2.340000e-01	1.747165e-03
forewarned	2.500000e-01	2.500000e-01	0.000000e+00	0.000000e+00	0.000000e+00	0.000000e+00	0.000000e+00	-2.500000e-01	0.000000e+00
forgotten	2.660000e-01	2.660000e-01	1.593700e-01	0.000000e+00	-1.541040e-05	0.000000e+00	7.705199e-06	-2.340000e-01	2.574492e-05
fortress	2.810000e-01	2.810000e-01	1.266670e+01	1.136364e-01	-1.198574e-03	0.000000e+00	6.255285e-04	-2.190000e-01	1.874005e-03
foul	2.500000e-01	2.500000e-01	1.821591e+00	3.030303e-02	-1.691423e-04	0.000000e+00	9.156893e-05	-2.500000e-01	3.018938e-04
fragile	1.880000e-01	1.880000e-01	5.216946e+00	6.250000e-02	-4.900235e-04	0.000000e+00	2.594446e-04	-3.120000e-01	1.091524e-03
frantic	7.050000e-01	7.050000e-01	7.173011e+00	3.216190e+00	4.910210e-05	0.000000e+00	7.181505e-04	2.050000e-01	7.186471e-05
frantically	7.170000e-01	7.170000e-01	1.110331e+01	5.152378e+00	1.161744e-04	0.000000e+00	1.131730e-03	2.170000e-01	1.799832e-04
freaked	7.030000e-01	7.030000e-01	5.550181e+00	5.991667e+00	8.469521e-04	0.000000e+00	9.601548e-04	2.030000e-01	1.227486e-03
freakingout	7.810000e-01	7.810000e-01	0.000000e+00	0.000000e+00	0.000000e+00	0.000000e+00	0.000000e+00	2.810000e-01	0.000000e+00
fright	8.530000e-01	8.530000e-01	4.408932e+00	1.842857e+00	-7.614451e-07	0.000000e+00	4.259441e-04	3.530000e-01	-1.919001e-06
frighten	8.280000e-01	8.280000e-01	1.021429e+01	6.153409e+00	4.333035e-04	0.000000e+00	1.204330e-03	3.280000e-01	1.014677e-03
frightened	8.440000e-01	8.440000e-01	1.834694e+01	2.002548e+01	2.850332e-03	0.000000e+00	3.199236e-03	3.440000e-01	7.000284e-03
frightening	8.440000e-01	8.440000e-01	1.486538e+01	1.595738e+01	2.247552e-03	0.000000e+00	2.561195e-03	3.440000e-01	5.519885e-03
frightful	8.120000e-01	8.120000e-01	1.046052e+00	1.500000e+00	2.452401e-04	0.000000e+00	2.237688e-04	3.120000e-01	5.462706e-04
fugitive	7.030000e-01	7.030000e-01	8.286648e-01	6.250000e-02	-6.569548e-05	0.000000e+00	4.728061e-05	2.030000e-01	-9.521235e-05
gameday	1.250000e-01	1.250000e-01	0.000000e+00	0.000000e+00	0.000000e+00	0.000000e+00	0.000000e+00	-3.750000e-01	0.000000e+00
gash	7.030000e-01	7.030000e-01	1.013333e+00	3.290000e+00	6.617612e-04	0.000000e+00	4.288655e-04	2.030000e-01	9.590894e-04
gent	1.410000e-01	1.410000e-01	3.421053e-01	0.000000e+00	-3.308012e-05	0.000000e+00	1.654006e-05	-3.590000e-01	8.478583e-05
ghastly	8.360000e-01	8.360000e-01	1.279122e+00	0.000000e+00	-1.236856e-04	0.000000e+00	6.184280e-05	3.360000e-01	-2.967018e-04
ghostly	7.540000e-01	7.540000e-01	6.303272e+00	2.777778e-02	-6.030849e-04	0.000000e+00	3.079570e-04	2.540000e-01	-1.093639e-03
giant	2.970000e-01	2.970000e-01	1.344152e+02	2.942234e+01	-6.202995e-03	0.000000e+00	9.895876e-03	-2.030000e-01	8.989990e-03
gnome	1.880000e-01	1.880000e-01	3.073220e+00	0.000000e+00	-2.971672e-04	0.000000e+00	1.485836e-04	-3.120000e-01	6.619380e-04
god	9.400000e-02	9.400000e-02	2.543259e+01	5.337734e+00	-1.226602e-03	0.000000e+00	1.845922e-03	-4.060000e-01	3.555424e-03
gore	7.340000e-01	7.340000e-01	1.831519e+00	0.000000e+00	-1.771000e-04	0.000000e+00	8.855001e-05	2.340000e-01	-2.958668e-04
graded	7.500000e-02	7.500000e-02	0.000000e+00	0.000000e+00	0.000000e+00	0.000000e+00	0.000000e+00	-4.250000e-01	0.000000e+00
grades	9.400000e-02	9.400000e-02	0.000000e+00	0.000000e+00	0.000000e+00	0.000000e+00	0.000000e+00	-4.060000e-01	0.000000e+00
gradschool	6.200000e-02	6.200000e-02	0.000000e+00	0.000000e+00	0.000000e+00	0.000000e+00	0.000000e+00	-4.380000e-01	0.000000e+00
graduation	7.800000e-02	7.800000e-02	6.867297e+00	3.333333e+00	1.057146e-04	0.000000e+00	7.168956e-04	-4.220000e-01	-3.184999e-04
grenade	8.280000e-01	8.280000e-01	8.189799e+00	2.120000e+00	-3.023557e-04	0.000000e+00	6.407407e-04	3.280000e-01	-7.080334e-04
grisly	7.030000e-01	7.030000e-01	2.777778e-02	0.000000e+00	-2.685992e-06	0.000000e+00	1.342996e-06	2.030000e-01	-3.892804e-06
grounded	2.420000e-01	2.420000e-01	8.403361e-03	0.000000e+00	-8.125691e-07	0.000000e+00	4.062846e-07	-2.580000e-01	1.496724e-06
guard	2.500000e-01	2.500000e-01	9.785339e+01	1.668175e+01	-5.609758e-03	0.000000e+00	6.657126e-03	-2.500000e-01	1.001258e-02
guidelines	6.200000e-02	6.200000e-02	0.000000e+00	0.000000e+00	0.000000e+00	0.000000e+00	0.000000e+00	-4.380000e-01	0.000000e+00
guillotine	8.590000e-01	8.590000e-01	1.590016e+00	2.777778e-02	-1.473331e-04	0.000000e+00	8.008117e-05	3.590000e-01	-3.776214e-04
gun	7.340000e-01	7.340000e-01	1.391788e+02	4.885069e+01	-2.177103e-03	0.000000e+00	1.236944e-02	2.340000e-01	-3.637112e-03
gunmen	8.280000e-01	8.280000e-01	0.000000e+00	0.000000e+00	0.000000e+00	0.000000e+00	0.000000e+00	3.280000e-01	0.000000e+00
hag	2.500000e-01	2.500000e-01	3.076024e-01	1.612121e-01	7.484211e-06	0.000000e+00	3.348594e-05	-2.500000e-01	-1.335820e-05
harm	7.190000e-01	7.190000e-01	1.617979e+01	7.622727e+00	1.957685e-04	0.000000e+00	1.662401e-03	2.190000e-01	3.060897e-04
harmful	7.970000e-01	7.970000e-01	5.376096e+00	2.062500e+00	-4.356094e-05	0.000000e+00	4.980651e-04	2.970000e-01	-9.236670e-05
harrowing	7.030000e-01	7.030000e-01	4.093540e-02	1.000000e+00	2.269676e-04	0.000000e+00	1.174421e-04	2.030000e-01	3.289438e-04
hatred	7.030000e-01	7.030000e-01	2.492302e+00	3.184524e+00	4.943940e-04	0.000000e+00	4.881919e-04	2.030000e-01	7.165244e-04
havoc	7.190000e-01	7.190000e-01	2.225707e+00	1.000000e-01	-1.921237e-04	0.000000e+00	1.191544e-04	2.190000e-01	-3.003910e-04
hawk	1.250000e-01	1.250000e-01	1.392798e+00	0.000000e+00	-1.346776e-04	0.000000e+00	6.733880e-05	-3.750000e-01	3.605690e-04
hazard	7.500000e-01	7.500000e-01	4.727670e-01	4.242424e-01	5.225400e-05	0.000000e+00	7.184155e-05	2.500000e-01	9.326557e-05
hazardous	7.660000e-01	7.660000e-01	5.815494e-02	3.030303e-02	1.374419e-06	0.000000e+00	6.310544e-06	2.660000e-01	2.610133e-06
hearing	1.560000e-01	1.560000e-01	5.471663e+00	6.444444e-01	-3.802675e-04	0.000000e+00	3.389527e-04	-3.440000e-01	9.339195e-04
heartattack	8.120000e-01	8.120000e-01	0.000000e+00	0.000000e+00	0.000000e+00	0.000000e+00	0.000000e+00	3.120000e-01	0.000000e+00
heft	2.190000e-01	2.190000e-01	1.503882e-01	0.000000e+00	-1.454189e-05	0.000000e+00	7.270947e-06	-2.810000e-01	2.917353e-05
heighten	1.880000e-01	1.880000e-01	2.878019e+00	5.000000e-02	-2.667459e-04	0.000000e+00	1.449192e-04	-3.120000e-01	5.941746e-04
hell	8.600000e-01	8.600000e-01	7.372109e+01	2.052990e+01	-2.387628e-03	0.000000e+00	5.934700e-03	3.600000e-01	-6.136645e-03
hellish	8.280000e-01	8.280000e-01	1.094884e+00	1.523611e+00	2.459706e-04	0.000000e+00	2.288559e-04	3.280000e-01	5.759951e-04
helmet	9.400000e-02	9.400000e-02	1.097984e+01	2.159957e+00	-5.629138e-04	0.000000e+00	7.802468e-04	-4.060000e-01	1.631660e-03
help	2.030000e-01	2.030000e-01	5.246294e+02	1.430060e+02	-1.770563e-02	0.000000e+00	4.187660e-02	-2.970000e-01	3.754305e-02
hemorrhage	8.070000e-01	8.070000e-01	3.218982e-02	0.000000e+00	-3.112618e-06	0.000000e+00	1.556309e-06	3.070000e-01	-6.822225e-06
hide	2.970000e-01	2.970000e-01	2.114402e+02	8.946043e+01	2.133629e-04	0.000000e+00	2.055205e-02	-2.030000e-01	-3.092265e-04
highest	2.360000e-01	2.360000e-01	1.505120e-02	1.250000e-01	2.741035e-05	0.000000e+00	1.516056e-05	-2.640000e-01	-5.166307e-05
holiness	1.090000e-01	1.090000e-01	2.754821e-03	0.000000e+00	-2.663794e-07	0.000000e+00	1.331897e-07	-3.910000e-01	7.435997e-07
holocaust	9.060000e-01	9.060000e-01	1.043331e+00	0.000000e+00	-1.008856e-04	0.000000e+00	5.044281e-05	4.060000e-01	-2.924267e-04
homework	1.090000e-01	1.090000e-01	1.765692e+01	4.869141e+00	-5.829382e-04	0.000000e+00	1.415880e-03	-3.910000e-01	1.627275e-03
homicidal	9.590000e-01	9.590000e-01	6.197056e-02	5.400000e-01	1.187077e-04	0.000000e+00	6.534613e-05	4.590000e-01	3.890033e-04
homicide	8.590000e-01	8.590000e-01	1.320640e-01	0.000000e+00	-1.277003e-05	0.000000e+00	6.385014e-06	3.590000e-01	-3.273016e-05
honest	4.700000e-02	4.700000e-02	2.082081e+01	6.662338e+00	-4.747769e-04	0.000000e+00	1.775895e-03	-4.530000e-01	1.535499e-03
hood	2.660000e-01	2.660000e-01	1.445840e+01	3.519481e+00	-5.853265e-04	0.000000e+00	1.105402e-03	-2.340000e-01	9.778580e-04
hooded	2.660000e-01	2.660000e-01	2.955203e-01	1.000000e+00	2.023503e-04	0.000000e+00	1.297507e-04	-2.340000e-01	-3.380505e-04
horrible	7.340000e-01	7.340000e-01	3.508236e+01	3.517523e+01	4.730557e-03	0.000000e+00	5.757593e-03	2.340000e-01	7.902963e-03
horrid	7.050000e-01	7.050000e-01	2.893737e+00	2.590909e+00	3.184959e-04	0.000000e+00	4.390600e-04	2.050000e-01	4.661434e-04
horrific	9.690000e-01	9.690000e-01	6.366351e+00	4.864004e+00	5.076255e-04	0.000000e+00	8.694117e-04	4.690000e-01	1.699723e-03
horrified	9.220000e-01	9.220000e-01	3.229507e+00	3.623333e+00	5.244419e-04	0.000000e+00	5.745005e-04	4.220000e-01	1.580053e-03
horrifying	9.060000e-01	9.060000e-01	7.469002e+00	5.322096e+00	5.067891e-04	0.000000e+00	9.756151e-04	4.060000e-01	1.468977e-03
horror	9.230000e-01	9.230000e-01	1.769460e+01	2.159751e+01	3.276432e-03	0.000000e+00	3.349208e-03	4.230000e-01	9.894714e-03
horrors	9.060000e-01	9.060000e-01	0.000000e+00	0.000000e+00	0.000000e+00	0.000000e+00	0.000000e+00	4.060000e-01	0.000000e+00
hostage	7.340000e-01	7.340000e-01	7.319724e+00	2.233333e+00	-1.920516e-04	0.000000e+00	6.117602e-04	2.340000e-01	-3.208452e-04
humanrights	1.720000e-01	1.720000e-01	0.000000e+00	0.000000e+00	0.000000e+00	0.000000e+00	0.000000e+00	-3.280000e-01	0.000000e+00
hurricane	8.110000e-01	8.110000e-01	4.830195e+00	1.383333e+00	-1.476117e-04	0.000000e+00	3.932533e-04	3.110000e-01	-3.277502e-04
hurricanes	7.500000e-01	7.500000e-01	0.000000e+00	0.000000e+00	0.000000e+00	0.000000e+00	0.000000e+00	2.500000e-01	0.000000e+00
hurry	2.030000e-01	2.030000e-01	5.124361e+01	1.023776e+01	-2.590873e-03	0.000000e+00	3.659601e-03	-2.970000e-01	5.493693e-03
hurryup	2.810000e-01	2.810000e-01	0.000000e+00	0.000000e+00	0.000000e+00	0.000000e+00	0.000000e+00	-2.190000e-01	0.000000e+00
hyped	2.140000e-01	2.140000e-01	5.169166e-01	0.000000e+00	-4.998363e-05	0.000000e+00	2.499181e-05	-2.860000e-01	1.020600e-04
hyperventilate	7.340000e-01	7.340000e-01	1.057981e+00	3.333333e-01	-2.532691e-05	0.000000e+00	8.963875e-05	2.340000e-01	-4.231164e-05
hyperventilating	7.620000e-01	7.620000e-01	4.854369e-03	1.000000e-01	2.262319e-05	0.000000e+00	1.178099e-05	2.620000e-01	4.231720e-05
hysteria	7.970000e-01	7.970000e-01	8.500792e-01	1.000000e+00	1.487268e-04	0.000000e+00	1.565625e-04	2.970000e-01	3.153607e-04
hysterical	7.030000e-01	7.030000e-01	5.885604e+00	1.138095e+00	-3.062971e-04	0.000000e+00	4.159642e-04	2.030000e-01	-4.439159e-04
ihatespiders	8.590000e-01	8.590000e-01	0.000000e+00	0.000000e+00	0.000000e+00	0.000000e+00	0.000000e+00	3.590000e-01	0.000000e+00
imagination	1.410000e-01	1.410000e-01	2.312584e+01	3.365873e+00	-1.458903e-03	0.000000e+00	1.506718e-03	-3.590000e-01	3.739233e-03
immerse	2.660000e-01	2.660000e-01	3.926988e+00	1.000000e+00	-1.487970e-04	0.000000e+00	3.053244e-04	-2.340000e-01	2.485833e-04
immigrant	2.190000e-01	2.190000e-01	4.145460e-01	0.000000e+00	-4.008483e-05	0.000000e+00	2.004241e-05	-2.810000e-01	8.041705e-05
impatient	2.240000e-01	2.240000e-01	5.971824e+00	2.939683e-01	-5.095650e-04	0.000000e+00	3.226674e-04	-2.760000e-01	1.004085e-03
impatiently	2.500000e-01	2.500000e-01	1.169745e+00	0.000000e+00	-1.131094e-04	0.000000e+00	5.655469e-05	-2.500000e-01	2.018833e-04
imprisoned	8.110000e-01	8.110000e-01	0.000000e+00	0.000000e+00	0.000000e+00	0.000000e+00	0.000000e+00	3.110000e-01	0.000000e+00
imprisonment	7.500000e-01	7.500000e-01	1.277670e+00	1.000000e+00	1.073807e-04	0.000000e+00	1.772355e-04	2.500000e-01	1.916584e-04
incase	1.090000e-01	1.090000e-01	4.278988e+00	1.000000e+00	-1.828339e-04	0.000000e+00	3.223428e-04	-3.910000e-01	5.103820e-04
incurable	7.970000e-01	7.970000e-01	1.264636e-01	0.000000e+00	-1.222849e-05	0.000000e+00	6.114244e-06	2.970000e-01	-2.592931e-05
indecisive	2.500000e-01	2.500000e-01	7.497289e-01	0.000000e+00	-7.249558e-05	0.000000e+00	3.624779e-05	-2.500000e-01	1.293938e-04
indifference	2.500000e-01	2.500000e-01	9.691172e-01	2.000000e+00	3.681423e-04	0.000000e+00	2.777806e-04	-2.500000e-01	-6.570788e-04
inequality	2.340000e-01	2.340000e-01	0.000000e+00	0.000000e+00	0.000000e+00	0.000000e+00	0.000000e+00	-2.660000e-01	0.000000e+00
infant	6.700000e-02	6.700000e-02	5.822481e+00	3.750000e-01	-4.764118e-04	0.000000e+00	3.248031e-04	-4.330000e-01	1.472761e-03
infectious	7.030000e-01	7.030000e-01	1.134116e-01	5.000000e-01	1.044965e-04	0.000000e+00	6.321468e-05	2.030000e-01	1.514466e-04
inferno	7.660000e-01	7.660000e-01	3.496841e-01	2.500000e-01	2.391851e-05	0.000000e+00	4.577221e-05	2.660000e-01	4.542318e-05
infestation	7.160000e-01	7.160000e-01	8.607565e-01	0.000000e+00	-8.323147e-05	0.000000e+00	4.161573e-05	2.160000e-01	-1.283521e-04
inflation	2.970000e-01	2.970000e-01	3.085906e+00	0.000000e+00	-2.983939e-04	0.000000e+00	1.491970e-04	-2.030000e-01	4.324618e-04
injured	7.190000e-01	7.190000e-01	5.618997e-01	5.000000e-01	6.112963e-05	0.000000e+00	8.489812e-05	2.190000e-01	9.557794e-05
insect	2.500000e-01	2.500000e-01	1.110723e+01	3.869048e+00	-1.805584e-04	0.000000e+00	9.837424e-04	-2.500000e-01	3.222696e-04
insomnia	2.660000e-01	2.660000e-01	9.901335e+00	8.333333e-01	-7.649785e-04	0.000000e+00	5.749275e-04	-2.340000e-01	1.277988e-03
insomniac	2.340000e-01	2.340000e-01	2.223320e-02	0.000000e+00	-2.149856e-06	0.000000e+00	1.074928e-06	-2.660000e-01	4.082749e-06
instinctive	2.340000e-01	2.340000e-01	3.208465e-02	0.000000e+00	-3.102448e-06	0.000000e+00	1.551224e-06	-2.660000e-01	5.891799e-06
intelligence	3.800000e-02	3.800000e-02	4.435807e+00	2.444444e+00	1.355619e-04	0.000000e+00	4.967045e-04	-4.620000e-01	-4.471378e-04
intense	2.790000e-01	2.790000e-01	4.690310e+01	1.914694e+01	-1.138057e-04	0.000000e+00	4.478426e-03	-2.210000e-01	1.795635e-04
intercede	2.340000e-01	2.340000e-01	0.000000e+00	0.000000e+00	0.000000e+00	0.000000e+00	0.000000e+00	-2.660000e-01	0.000000e+00
interview	1.800000e-01	1.800000e-01	1.446887e+01	5.825000e+00	-5.393482e-05	0.000000e+00	1.372111e-03	-3.200000e-01	1.232199e-04
interviewer	1.720000e-01	1.720000e-01	1.698108e+00	0.000000e+00	-1.641998e-04	0.000000e+00	8.209988e-05	-3.280000e-01	3.845104e-04
intimacy	2.030000e-01	2.030000e-01	1.351799e+00	1.000000e+00	1.002127e-04	0.000000e+00	1.808195e-04	-2.970000e-01	-2.124912e-04
intimately	1.560000e-01	1.560000e-01	1.150635e+00	0.000000e+00	-1.112615e-04	0.000000e+00	5.563075e-05	-3.440000e-01	2.732531e-04
intrigue	1.880000e-01	1.880000e-01	1.494212e+01	2.007576e+00	-9.812383e-04	0.000000e+00	9.542203e-04	-3.120000e-01	2.185702e-03
intruder	8.280000e-01	8.280000e-01	1.329287e+01	1.748485e+00	-8.815932e-04	0.000000e+00	8.445670e-04	3.280000e-01	-2.064448e-03
invade	7.660000e-01	7.660000e-01	4.604080e+00	2.923611e+00	2.299426e-04	0.000000e+00	5.601661e-04	2.660000e-01	4.366795e-04
invader	7.660000e-01	7.660000e-01	1.144410e+00	0.000000e+00	-1.106595e-04	0.000000e+00	5.532976e-05	2.660000e-01	-2.101514e-04
iris	1.600000e-01	1.600000e-01	2.044955e+00	1.213235e-01	-1.697217e-04	0.000000e+00	1.128776e-04	-3.400000e-01	4.119817e-04
jihad	7.660000e-01	7.660000e-01	0.000000e+00	0.000000e+00	0.000000e+00	0.000000e+00	0.000000e+00	2.660000e-01	0.000000e+00
jobinterview	2.500000e-01	2.500000e-01	0.000000e+00	0.000000e+00	0.000000e+00	0.000000e+00	0.000000e+00	-2.500000e-01	0.000000e+00
journey	6.200000e-02	6.200000e-02	3.214045e+01	8.340909e+00	-1.181713e-03	0.000000e+00	2.516988e-03	-4.380000e-01	3.695284e-03
jungle	2.190000e-01	2.190000e-01	2.242886e+01	7.553968e+00	-4.243678e-04	0.000000e+00	1.956591e-03	-2.810000e-01	8.513546e-04
kidnap	8.910000e-01	8.910000e-01	1.510766e+01	6.958824e+00	1.461262e-04	0.000000e+00	1.533909e-03	3.910000e-01	4.079121e-04
kidnapped	8.280000e-01	8.280000e-01	2.325229e-01	0.000000e+00	-2.248397e-05	0.000000e+00	1.124198e-05	3.280000e-01	-5.265124e-05
kill	9.620000e-01	9.620000e-01	2.748172e+02	1.865672e+02	1.650953e-02	0.000000e+00	3.482842e-02	4.620000e-01	5.445509e-02
killing	9.060000e-01	9.060000e-01	5.173353e+00	1.166667e+00	-2.308276e-04	0.000000e+00	3.848273e-04	4.060000e-01	-6.690762e-04
knot	1.090000e-01	1.090000e-01	1.693130e+00	1.062500e+00	8.164031e-05	0.000000e+00	2.045386e-04	-3.910000e-01	-2.278994e-04
knots	1.880000e-01	1.880000e-01	0.000000e+00	0.000000e+00	0.000000e+00	0.000000e+00	0.000000e+00	-3.120000e-01	0.000000e+00
lace	1.110000e-01	1.110000e-01	5.007983e+00	4.011111e-01	-3.916236e-04	0.000000e+00	2.884388e-04	-3.890000e-01	1.087628e-03
lastminute	2.190000e-01	2.190000e-01	0.000000e+00	0.000000e+00	0.000000e+00	0.000000e+00	0.000000e+00	-2.810000e-01	0.000000e+00
legalized	1.560000e-01	1.560000e-01	0.000000e+00	0.000000e+00	0.000000e+00	0.000000e+00	0.000000e+00	-3.440000e-01	0.000000e+00
leprosy	7.660000e-01	7.660000e-01	1.003009e-03	0.000000e+00	-9.698669e-08	0.000000e+00	4.849334e-08	2.660000e-01	-1.841855e-07
less	1.670000e-01	1.670000e-01	3.672490e+00	0.000000e+00	-3.551141e-04	0.000000e+00	1.775571e-04	-3.330000e-01	8.442556e-04
lethal	8.060000e-01	8.060000e-01	9.514047e-01	1.642857e+00	2.873814e-04	0.000000e+00	2.356875e-04	3.060000e-01	6.278298e-04
lifeless	7.810000e-01	7.810000e-01	4.241667e+00	5.055556e+00	7.573075e-04	0.000000e+00	7.888048e-04	2.810000e-01	1.519289e-03
lines	3.100000e-02	3.100000e-02	0.000000e+00	0.000000e+00	0.000000e+00	0.000000e+00	0.000000e+00	-4.690000e-01	0.000000e+00
locate	9.400000e-02	9.400000e-02	2.233957e+01	3.916407e+00	-1.255741e-03	0.000000e+00	1.532270e-03	-4.060000e-01	3.639888e-03
lonely	1.830000e-01	1.830000e-01	1.131395e+01	4.549206e+00	-4.348161e-05	0.000000e+00	1.072270e-03	-3.170000e-01	9.840714e-05
loyal	9.400000e-02	9.400000e-02	2.971416e+00	0.000000e+00	-2.873232e-04	0.000000e+00	1.436616e-04	-4.060000e-01	8.328341e-04
lynch	7.190000e-01	7.190000e-01	1.527581e-01	0.000000e+00	-1.477106e-05	0.000000e+00	7.385529e-06	2.190000e-01	-2.309498e-05
mafia	7.340000e-01	7.340000e-01	4.354387e+00	0.000000e+00	-4.210506e-04	0.000000e+00	2.105253e-04	2.340000e-01	-7.034156e-04
mage	2.970000e-01	2.970000e-01	5.706128e+00	1.000000e+00	-3.208323e-04	0.000000e+00	3.913420e-04	-2.030000e-01	4.649818e-04
malevolent	7.030000e-01	7.030000e-01	3.327223e-01	0.000000e+00	-3.217282e-05	0.000000e+00	1.608641e-05	2.030000e-01	-4.662802e-05
malignancy	7.420000e-01	7.420000e-01	0.000000e+00	0.000000e+00	0.000000e+00	0.000000e+00	0.000000e+00	2.420000e-01	0.000000e+00
malignant	7.340000e-01	7.340000e-01	1.243837e+00	1.125000e+00	1.395179e-04	0.000000e+00	1.900326e-04	2.340000e-01	2.330814e-04
maniac	7.810000e-01	7.810000e-01	6.269916e-01	0.000000e+00	-6.062741e-05	0.000000e+00	3.031370e-05	2.810000e-01	-1.216290e-04
manslaughter	8.280000e-01	8.280000e-01	3.759398e-03	0.000000e+00	-3.635178e-07	0.000000e+00	1.817589e-07	3.280000e-01	-8.512581e-07
marry	1.250000e-01	1.250000e-01	2.356173e+01	6.320952e+00	-8.186472e-04	0.000000e+00	1.868995e-03	-3.750000e-01	2.191744e-03
massacre	9.110000e-01	9.110000e-01	2.954805e+00	2.492857e+00	2.899482e-04	0.000000e+00	4.306911e-04	4.110000e-01	8.507932e-04
medical	2.970000e-01	2.970000e-01	8.918438e+00	1.784271e+00	-4.503404e-04	0.000000e+00	6.372046e-04	-2.030000e-01	6.526776e-04
medication	1.560000e-01	1.560000e-01	4.638743e+00	0.000000e+00	-4.485466e-04	0.000000e+00	2.242733e-04	-3.440000e-01	1.101610e-03
melee	7.340000e-01	7.340000e-01	9.722354e-01	7.692308e-02	-7.624748e-05	0.000000e+00	5.588727e-05	2.340000e-01	-1.273806e-04
mighty	2.030000e-01	2.030000e-01	4.516070e+00	0.000000e+00	-4.366847e-04	0.000000e+00	2.183423e-04	-2.970000e-01	9.259471e-04
miscarriage	7.190000e-01	7.190000e-01	2.945037e-01	0.000000e+00	-2.847724e-05	0.000000e+00	1.423862e-05	2.190000e-01	-4.452499e-05
misery	7.340000e-01	7.340000e-01	1.847373e+00	1.366667e+00	1.369656e-04	0.000000e+00	2.471159e-04	2.340000e-01	2.288175e-04
mislead	2.970000e-01	2.970000e-01	2.686514e-01	0.000000e+00	-2.597744e-05	0.000000e+00	1.298872e-05	-2.030000e-01	3.764906e-05
missile	7.340000e-01	7.340000e-01	1.093196e+01	2.113636e+00	-5.689803e-04	0.000000e+00	7.725835e-04	2.340000e-01	-9.505497e-04
missiles	9.340000e-01	9.340000e-01	0.000000e+00	0.000000e+00	0.000000e+00	0.000000e+00	0.000000e+00	4.340000e-01	0.000000e+00
mistaken	2.810000e-01	2.810000e-01	8.081119e-01	1.083333e+00	1.720287e-04	0.000000e+00	1.641553e-04	-2.190000e-01	-2.689719e-04
molestation	8.590000e-01	8.590000e-01	3.672491e-02	0.000000e+00	-3.551142e-06	0.000000e+00	1.775571e-06	3.590000e-01	-9.101736e-06
monster	8.440000e-01	8.440000e-01	9.528377e+01	7.485588e+01	8.072627e-03	0.000000e+00	1.324985e-02	3.440000e-01	1.982600e-02
monstrosity	7.970000e-01	7.970000e-01	1.140764e+00	0.000000e+00	-1.103070e-04	0.000000e+00	5.515349e-05	2.970000e-01	-2.338951e-04
morbidity	8.200000e-01	8.200000e-01	1.298701e-02	0.000000e+00	-1.255789e-06	0.000000e+00	6.278943e-07	3.200000e-01	-2.868985e-06
morgue	8.440000e-01	8.440000e-01	2.618558e-01	4.000000e-02	-1.608330e-05	0.000000e+00	1.727868e-05	3.440000e-01	-3.949984e-05
mortality	7.970000e-01	7.970000e-01	6.495879e-01	1.428571e-01	-2.982297e-05	0.000000e+00	4.790089e-05	2.970000e-01	-6.323668e-05
mortgagor	2.580000e-01	2.580000e-01	0.000000e+00	0.000000e+00	0.000000e+00	0.000000e+00	0.000000e+00	-2.420000e-01	0.000000e+00
mortification	7.190000e-01	7.190000e-01	0.000000e+00	0.000000e+00	0.000000e+00	0.000000e+00	0.000000e+00	2.190000e-01	0.000000e+00
mortuary	7.500000e-01	7.500000e-01	1.538462e-02	0.000000e+00	-1.487627e-06	0.000000e+00	7.438133e-07	2.500000e-01	-2.655191e-06
mum	7.000000e-02	7.000000e-02	7.138552e+01	2.469762e+01	-1.199356e-03	0.000000e+00	6.302997e-03	-4.300000e-01	3.681953e-03
murder	9.060000e-01	9.060000e-01	3.169358e+01	1.334333e+01	1.668681e-05	0.000000e+00	3.072977e-03	4.060000e-01	4.836834e-05
murderer	9.530000e-01	9.530000e-01	8.261030e+00	5.425833e+00	4.541590e-04	0.000000e+00	1.025886e-03	4.530000e-01	1.468818e-03
murderous	9.200000e-01	9.200000e-01	1.567833e+00	5.000000e-01	-3.613979e-05	0.000000e+00	1.335328e-04	4.200000e-01	-1.083669e-04
mutilation	9.060000e-01	9.060000e-01	2.961107e-01	0.000000e+00	-2.863264e-05	0.000000e+00	1.431632e-05	4.060000e-01	-8.299447e-05
mutiny	7.340000e-01	7.340000e-01	2.883615e-01	0.000000e+00	-2.788332e-05	0.000000e+00	1.394166e-05	2.340000e-01	-4.658243e-05
needit	1.560000e-01	1.560000e-01	0.000000e+00	0.000000e+00	0.000000e+00	0.000000e+00	0.000000e+00	-3.440000e-01	0.000000e+00
needtoknow	1.730000e-01	1.730000e-01	0.000000e+00	0.000000e+00	0.000000e+00	0.000000e+00	0.000000e+00	-3.270000e-01	0.000000e+00
needtorelax	1.250000e-01	1.250000e-01	0.000000e+00	0.000000e+00	0.000000e+00	0.000000e+00	0.000000e+00	-3.750000e-01	0.000000e+00
neurotic	7.030000e-01	7.030000e-01	3.099010e-01	5.000000e-01	8.549684e-05	0.000000e+00	7.271452e-05	2.030000e-01	1.239104e-04
newcomer	1.410000e-01	1.410000e-01	3.725918e-01	0.000000e+00	-3.602804e-05	0.000000e+00	1.801402e-05	-3.590000e-01	9.234148e-05
newjob	2.660000e-01	2.660000e-01	0.000000e+00	0.000000e+00	0.000000e+00	0.000000e+00	0.000000e+00	-2.340000e-01	0.000000e+00
nightmare	8.280000e-01	8.280000e-01	1.040903e+02	1.969914e+02	3.542534e-02	0.000000e+00	2.777775e-02	3.280000e-01	8.295634e-02
nightmares	7.590000e-01	7.590000e-01	0.000000e+00	1.000000e+00	2.309259e-04	0.000000e+00	1.154629e-04	2.590000e-01	4.270062e-04
noncompliance	2.760000e-01	2.760000e-01	0.000000e+00	0.000000e+00	0.000000e+00	0.000000e+00	0.000000e+00	-2.240000e-01	0.000000e+00
northeast	8.800000e-02	8.800000e-02	2.333588e+00	5.666667e-01	-9.478994e-05	0.000000e+00	1.782530e-04	-4.120000e-01	2.788183e-04
notoriety	1.090000e-01	1.090000e-01	1.785714e-02	0.000000e+00	-1.726709e-06	0.000000e+00	8.633547e-07	-3.910000e-01	4.820119e-06
notready	2.810000e-01	2.810000e-01	0.000000e+00	0.000000e+00	0.000000e+00	0.000000e+00	0.000000e+00	-2.190000e-01	0.000000e+00
nurture	7.800000e-02	7.800000e-02	1.639880e+00	0.000000e+00	-1.585694e-04	0.000000e+00	7.928471e-05	-4.220000e-01	4.777423e-04
obey	1.600000e-02	1.600000e-02	5.623844e+00	4.333333e-01	-4.437338e-04	0.000000e+00	3.219348e-04	-4.840000e-01	1.533309e-03
obliging	2.500000e-01	2.500000e-01	1.421521e-02	0.000000e+00	-1.374550e-06	0.000000e+00	6.872752e-07	-2.500000e-01	2.453367e-06
obliterate	7.660000e-01	7.660000e-01	1.204330e+00	1.312500e+00	1.866367e-04	0.000000e+00	2.097719e-04	2.660000e-01	3.544381e-04
obliterated	8.000000e-01	8.000000e-01	0.000000e+00	0.000000e+00	0.000000e+00	0.000000e+00	0.000000e+00	3.000000e-01	0.000000e+00
obliteration	7.500000e-01	7.500000e-01	1.923077e-02	0.000000e+00	-1.859533e-06	0.000000e+00	9.297666e-07	2.500000e-01	-3.318988e-06
ohshit	7.660000e-01	7.660000e-01	0.000000e+00	0.000000e+00	0.000000e+00	0.000000e+00	0.000000e+00	2.660000e-01	0.000000e+00
oncoming	2.810000e-01	2.810000e-01	1.424671e+00	2.916667e-01	-7.040619e-05	0.000000e+00	1.025565e-04	-2.190000e-01	1.100821e-04
opera	5.700000e-02	5.700000e-02	1.423586e+00	1.166667e+00	1.317588e-04	0.000000e+00	2.035341e-04	-4.430000e-01	-4.167209e-04
operation	2.660000e-01	2.660000e-01	6.470706e+00	2.632576e+00	-1.775972e-05	0.000000e+00	6.168097e-04	-2.340000e-01	2.966974e-05
overcome	2.030000e-01	2.030000e-01	1.135386e+01	1.655303e+00	-7.156170e-04	0.000000e+00	7.400608e-04	-2.970000e-01	1.517396e-03
overcoming	1.880000e-01	1.880000e-01	0.000000e+00	0.000000e+00	0.000000e+00	0.000000e+00	0.000000e+00	-3.120000e-01	0.000000e+00
overdrive	2.340000e-01	2.340000e-01	1.572049e+00	0.000000e+00	-1.520104e-04	0.000000e+00	7.600521e-05	-2.660000e-01	2.886801e-04
overslept	2.260000e-01	2.260000e-01	2.101034e+00	0.000000e+00	-2.031610e-04	0.000000e+00	1.015805e-04	-2.740000e-01	3.974228e-04
overthinker	1.530000e-01	1.530000e-01	0.000000e+00	0.000000e+00	0.000000e+00	0.000000e+00	0.000000e+00	-3.470000e-01	0.000000e+00
overtired	2.180000e-01	2.180000e-01	5.632639e-03	0.000000e+00	-5.446521e-07	0.000000e+00	2.723260e-07	-2.820000e-01	1.096554e-06
owing	1.880000e-01	1.880000e-01	0.000000e+00	0.000000e+00	0.000000e+00	0.000000e+00	0.000000e+00	-3.120000e-01	0.000000e+00
painful	8.440000e-01	8.440000e-01	1.788953e+01	1.254169e+01	1.166360e-03	0.000000e+00	2.313021e-03	3.440000e-01	2.864526e-03
panic	7.500000e-01	7.500000e-01	8.117144e+01	5.701058e+01	5.316285e-03	0.000000e+00	1.050707e-02	2.500000e-01	9.488773e-03
panicattack	7.740000e-01	7.740000e-01	0.000000e+00	0.000000e+00	0.000000e+00	0.000000e+00	0.000000e+00	2.740000e-01	0.000000e+00
panicked	8.440000e-01	8.440000e-01	2.635411e+00	4.025433e+00	6.747436e-04	0.000000e+00	5.922048e-04	3.440000e-01	1.657139e-03
panicking	7.080000e-01	7.080000e-01	5.206120e-01	0.000000e+00	-5.034095e-05	0.000000e+00	2.517048e-05	2.080000e-01	-7.475608e-05
parade	6.200000e-02	6.200000e-02	7.007522e+00	3.516667e+00	1.344919e-04	0.000000e+00	7.448434e-04	-4.380000e-01	-4.205640e-04
paralysis	7.340000e-01	7.340000e-01	2.669254e+01	1.788190e+01	1.548340e-03	0.000000e+00	3.355224e-03	2.340000e-01	2.586688e-03
paralyze	8.280000e-01	8.280000e-01	8.273934e+00	7.618780e+00	9.593194e-04	0.000000e+00	1.279714e-03	3.280000e-01	2.246461e-03
paralyzed	8.590000e-01	8.590000e-01	7.161203e+00	2.305195e+00	-1.601286e-04	0.000000e+00	6.123934e-04	3.590000e-01	-4.104168e-04
peril	8.590000e-01	8.590000e-01	1.105657e+00	0.000000e+00	-1.069123e-04	0.000000e+00	5.345617e-05	3.590000e-01	-2.740211e-04
perish	7.840000e-01	7.840000e-01	3.871220e-01	2.400000e-01	1.798917e-05	0.000000e+00	4.642763e-05	2.840000e-01	3.647465e-05
persecution	7.970000e-01	7.970000e-01	2.620826e-01	0.000000e+00	-2.534227e-05	0.000000e+00	1.267113e-05	2.970000e-01	-5.373580e-05
petrified	8.440000e-01	8.440000e-01	2.036364e+00	1.000000e+00	3.401815e-05	0.000000e+00	2.139168e-04	3.440000e-01	8.354701e-05
pharmacy	1.230000e-01	1.230000e-01	3.936647e+00	1.428571e-01	-3.476676e-04	0.000000e+00	2.068232e-04	-3.770000e-01	9.357661e-04
phew	2.030000e-01	2.030000e-01	1.043677e+00	2.566667e-01	-4.164815e-05	0.000000e+00	8.009505e-05	-2.970000e-01	8.831083e-05
phobia	7.190000e-01	7.190000e-01	3.016415e+00	2.083333e-01	-2.435648e-04	0.000000e+00	1.698920e-04	2.190000e-01	-3.808207e-04
picket	2.500000e-01	2.500000e-01	1.844762e-01	0.000000e+00	-1.783806e-05	0.000000e+00	8.919028e-06	-2.500000e-01	3.183826e-05
pinion	2.340000e-01	2.340000e-01	3.710575e-03	0.000000e+00	-3.587968e-07	0.000000e+00	1.793984e-07	-2.660000e-01	6.813840e-07
plague	7.030000e-01	7.030000e-01	4.876899e+00	3.463903e+00	3.283295e-04	0.000000e+00	6.357401e-04	2.030000e-01	4.758474e-04
planes	2.740000e-01	2.740000e-01	0.000000e+00	0.000000e+00	0.000000e+00	0.000000e+00	0.000000e+00	-2.260000e-01	0.000000e+00
poise	9.400000e-02	9.400000e-02	5.795578e-01	1.041667e+00	1.845070e-04	0.000000e+00	1.482943e-04	-4.060000e-01	-5.348115e-04
poison	7.970000e-01	7.970000e-01	1.392877e+01	3.502576e+00	-5.380170e-04	0.000000e+00	1.077844e-03	2.970000e-01	-1.140812e-03
poisoned	8.860000e-01	8.860000e-01	3.333333e-01	0.000000e+00	-3.223191e-05	0.000000e+00	1.611595e-05	3.860000e-01	-8.882498e-05
poisonous	8.120000e-01	8.120000e-01	2.540514e+00	2.666667e-01	-1.840766e-04	0.000000e+00	1.536185e-04	3.120000e-01	-4.100293e-04
policeman	1.210000e-01	1.210000e-01	8.937099e+00	1.363636e+00	-5.492804e-04	0.000000e+00	5.895391e-04	-3.790000e-01	1.486261e-03
posse	2.660000e-01	2.660000e-01	2.423756e+00	1.050000e+00	8.105319e-06	0.000000e+00	2.384195e-04	-2.340000e-01	-1.354091e-05
pray	1.090000e-01	1.090000e-01	1.759733e+01	7.319213e+00	-1.139115e-05	0.000000e+00	1.695891e-03	-3.910000e-01	3.179845e-05
praying	4.700000e-02	4.700000e-02	1.428571e-01	0.000000e+00	-1.381368e-05	0.000000e+00	6.906838e-06	-4.530000e-01	4.467548e-05
prevent	1.250000e-01	1.250000e-01	1.787231e+01	7.492100e+00	1.943652e-06	0.000000e+00	1.729148e-03	-3.750000e-01	-5.203692e-06
prey	7.030000e-01	7.030000e-01	1.663126e+00	5.750000e-01	-2.803476e-05	0.000000e+00	1.467998e-04	2.030000e-01	-4.063073e-05
problem	2.660000e-01	2.660000e-01	1.497672e+02	3.276094e+01	-6.916500e-03	0.000000e+00	1.102360e-02	-2.340000e-01	1.155484e-02
prognosis	2.170000e-01	2.170000e-01	0.000000e+00	2.000000e+00	4.618517e-04	0.000000e+00	2.309259e-04	-2.830000e-01	-9.331486e-04
projectiles	7.500000e-01	7.500000e-01	0.000000e+00	0.000000e+00	0.000000e+00	0.000000e+00	0.000000e+00	2.500000e-01	0.000000e+00
psychiatrist	2.340000e-01	2.340000e-01	2.172776e+00	5.151515e-01	-9.113639e-05	0.000000e+00	1.645300e-04	-2.660000e-01	1.730754e-04
psychosis	7.030000e-01	7.030000e-01	1.397059e-01	0.000000e+00	-1.350896e-05	0.000000e+00	6.754481e-06	2.030000e-01	-1.957852e-05
ptsd	7.500000e-01	7.500000e-01	5.263158e-02	5.882353e-02	8.494626e-06	0.000000e+00	9.336562e-06	2.500000e-01	1.516164e-05
quail	2.030000e-01	2.030000e-01	2.777572e-01	0.000000e+00	-2.685793e-05	0.000000e+00	1.342897e-05	-2.970000e-01	5.694962e-05
quake	8.120000e-01	8.120000e-01	1.266407e+00	0.000000e+00	-1.224561e-04	0.000000e+00	6.122807e-05	3.120000e-01	-2.727702e-04
raccoon	1.270000e-01	1.270000e-01	1.496718e+00	2.777778e-02	-1.383117e-04	0.000000e+00	7.557044e-05	-3.730000e-01	3.683235e-04
rampage	7.810000e-01	7.810000e-01	4.416107e+00	7.361111e-01	-2.570316e-04	0.000000e+00	2.985029e-04	2.810000e-01	-5.156495e-04
rape	8.700000e-01	8.700000e-01	5.941444e+00	2.685595e+00	4.566118e-05	0.000000e+00	5.973428e-04	3.700000e-01	1.206176e-04
rascal	2.500000e-01	2.500000e-01	0.000000e+00	0.000000e+00	0.000000e+00	0.000000e+00	0.000000e+00	-2.500000e-01	0.000000e+00
rating	2.500000e-01	2.500000e-01	3.458982e+00	1.333333e+00	-2.656757e-05	0.000000e+00	3.211849e-04	-2.500000e-01	4.741914e-05
rationality	1.410000e-01	1.410000e-01	3.079897e-01	0.000000e+00	-2.978129e-05	0.000000e+00	1.489064e-05	-3.590000e-01	7.633077e-05
react	2.500000e-01	2.500000e-01	2.978873e+01	1.194973e+01	-1.209406e-04	0.000000e+00	2.819973e-03	-2.500000e-01	2.158609e-04
readytogo	1.720000e-01	1.720000e-01	0.000000e+00	0.000000e+00	0.000000e+00	0.000000e+00	0.000000e+00	-3.280000e-01	0.000000e+00
recesses	2.030000e-01	2.030000e-01	0.000000e+00	0.000000e+00	0.000000e+00	0.000000e+00	0.000000e+00	-2.970000e-01	0.000000e+00
regiment	2.660000e-01	2.660000e-01	3.878012e-01	0.000000e+00	-3.749872e-05	0.000000e+00	1.874936e-05	-2.340000e-01	6.264610e-05
regulatory	1.720000e-01	1.720000e-01	0.000000e+00	0.000000e+00	0.000000e+00	0.000000e+00	0.000000e+00	-3.280000e-01	0.000000e+00
rekindle	2.340000e-01	2.340000e-01	5.245414e-01	0.000000e+00	-5.072091e-05	0.000000e+00	2.536045e-05	-2.660000e-01	9.632309e-05
reluctant	2.970000e-01	2.970000e-01	8.234519e+00	1.333333e+00	-4.883417e-04	0.000000e+00	5.520720e-04	-2.030000e-01	7.077528e-04
remains	2.810000e-01	2.810000e-01	3.009027e-03	1.000000e+00	2.306349e-04	0.000000e+00	1.156084e-04	-2.190000e-01	-3.606043e-04
repent	2.500000e-01	2.500000e-01	1.073689e-01	1.333333e+00	2.975190e-04	0.000000e+00	1.591416e-04	-2.500000e-01	-5.310269e-04
reprisal	7.660000e-01	7.660000e-01	4.878049e-03	0.000000e+00	-4.716865e-07	0.000000e+00	2.358432e-07	2.660000e-01	-8.957707e-07
restless	2.040000e-01	2.040000e-01	1.256181e+00	1.333333e+00	1.864338e-04	0.000000e+00	2.146842e-04	-2.960000e-01	-3.939837e-04
retirement	1.560000e-01	1.560000e-01	5.023034e-01	0.000000e+00	-4.857059e-05	0.000000e+00	2.428530e-05	-3.440000e-01	1.192871e-04
revelations	2.190000e-01	2.190000e-01	0.000000e+00	0.000000e+00	0.000000e+00	0.000000e+00	0.000000e+00	-2.810000e-01	0.000000e+00
riot	7.660000e-01	7.660000e-01	2.349240e+00	8.269231e-01	-3.620356e-05	0.000000e+00	2.090597e-04	2.660000e-01	-6.875348e-05
riotous	7.500000e-01	7.500000e-01	0.000000e+00	0.000000e+00	0.000000e+00	0.000000e+00	0.000000e+00	2.500000e-01	0.000000e+00
robbery	8.000000e-01	8.000000e-01	2.167635e+00	2.361111e+00	3.356406e-04	0.000000e+00	3.774214e-04	3.000000e-01	7.188818e-04
rod	1.720000e-01	1.720000e-01	4.972994e+00	4.605303e+00	5.826163e-04	0.000000e+00	7.721755e-04	-3.280000e-01	-1.364326e-03
romance	3.100000e-02	3.100000e-02	5.084108e+00	0.000000e+00	-4.916115e-04	0.000000e+00	2.458057e-04	-4.690000e-01	1.646102e-03
ruin	7.250000e-01	7.250000e-01	4.101751e+01	1.286000e+01	-9.965108e-04	0.000000e+00	3.467962e-03	2.250000e-01	-1.600760e-03
rule	1.880000e-01	1.880000e-01	2.563947e+01	5.124087e+00	-1.295943e-03	0.000000e+00	1.831256e-03	-3.120000e-01	2.886704e-03
run	2.500000e-01	2.500000e-01	1.266428e+03	4.802682e+02	-1.155182e-02	0.000000e+00	1.166823e-01	-2.500000e-01	2.061827e-02
rupture	7.060000e-01	7.060000e-01	8.635543e-01	0.000000e+00	-8.350201e-05	0.000000e+00	4.175100e-05	2.060000e-01	-1.228078e-04
rush	2.810000e-01	2.810000e-01	9.582754e+01	3.619332e+01	-9.081407e-04	0.000000e+00	8.812043e-03	-2.190000e-01	1.419904e-03
rushing	2.330000e-01	2.330000e-01	9.398555e-01	1.000000e+00	1.400459e-04	0.000000e+00	1.609029e-04	-2.670000e-01	-2.669582e-04
sabotage	7.030000e-01	7.030000e-01	3.284520e+00	4.027778e+00	6.125190e-04	0.000000e+00	6.238586e-04	2.030000e-01	8.877229e-04
sag	1.230000e-01	1.230000e-01	7.032846e-01	1.000000e+00	1.629213e-04	0.000000e+00	1.494652e-04	-3.770000e-01	-4.385114e-04
savage	8.140000e-01	8.140000e-01	1.604548e+00	2.234444e+00	3.608381e-04	0.000000e+00	3.355720e-04	3.140000e-01	8.089167e-04
savagery	8.750000e-01	8.750000e-01	4.878049e-03	0.000000e+00	-4.716865e-07	0.000000e+00	2.358432e-07	3.750000e-01	-1.262835e-06
scaffold	2.340000e-01	2.340000e-01	6.323717e-01	0.000000e+00	-6.114764e-05	0.000000e+00	3.057382e-05	-2.660000e-01	1.161243e-04
scapegoat	2.500000e-01	2.500000e-01	8.367328e-02	0.000000e+00	-8.090848e-06	0.000000e+00	4.045424e-06	-2.500000e-01	1.444095e-05
scare	8.440000e-01	8.440000e-01	1.946721e+01	2.092813e+01	2.950451e-03	0.000000e+00	3.357622e-03	3.440000e-01	7.246172e-03
scared	7.340000e-01	7.340000e-01	1.776564e+02	1.412189e+02	1.543249e-02	0.000000e+00	2.489486e-02	2.340000e-01	2.578182e-02
scariest	8.440000e-01	8.440000e-01	0.000000e+00	0.000000e+00	0.000000e+00	0.000000e+00	0.000000e+00	3.440000e-01	0.000000e+00
scary	7.660000e-01	7.660000e-01	7.675942e+01	8.155237e+01	1.141024e-02	0.000000e+00	1.312743e-02	2.660000e-01	2.166897e-02
schizophrenia	7.030000e-01	7.030000e-01	1.535962e+00	0.000000e+00	-1.485210e-04	0.000000e+00	7.426050e-05	2.030000e-01	-2.152513e-04
scream	7.190000e-01	7.190000e-01	1.593511e+02	1.558311e+02	2.057686e-02	0.000000e+00	2.569700e-02	2.190000e-01	3.217251e-02
screaming	7.810000e-01	7.810000e-01	3.270078e+00	3.071429e+00	3.930698e-04	0.000000e+00	5.127374e-04	2.810000e-01	7.885654e-04
seizure	7.190000e-01	7.190000e-01	4.503187e+00	2.103333e+00	5.027519e-05	0.000000e+00	4.605765e-04	2.190000e-01	7.860672e-05
sentence	2.660000e-01	2.660000e-01	1.533489e+01	2.503333e+00	-9.047335e-04	0.000000e+00	1.030451e-03	-2.340000e-01	1.511466e-03
settlor	1.720000e-01	1.720000e-01	0.000000e+00	0.000000e+00	0.000000e+00	0.000000e+00	0.000000e+00	-3.280000e-01	0.000000e+00
shanghai	2.660000e-01	2.660000e-01	0.000000e+00	0.000000e+00	0.000000e+00	0.000000e+00	0.000000e+00	-2.340000e-01	0.000000e+00
shell	1.720000e-01	1.720000e-01	6.809896e+00	2.638889e+00	-4.910014e-05	0.000000e+00	6.339378e-04	-3.280000e-01	1.149790e-04
shelters	2.340000e-01	2.340000e-01	0.000000e+00	0.000000e+00	0.000000e+00	0.000000e+00	0.000000e+00	-2.660000e-01	0.000000e+00
shipwreck	7.660000e-01	7.660000e-01	4.991739e-01	3.333333e-01	2.870731e-05	0.000000e+00	6.262164e-05	2.660000e-01	5.451750e-05
shock	7.190000e-01	7.190000e-01	8.852451e+01	2.508478e+01	-2.767217e-03	0.000000e+00	7.176333e-03	2.190000e-01	-4.326623e-03
shoot	7.340000e-01	7.340000e-01	2.635094e+02	7.242364e+01	-8.755738e-03	0.000000e+00	2.110236e-02	2.340000e-01	-1.462751e-02
shooter	7.220000e-01	7.220000e-01	6.021808e+00	2.142857e+00	-8.744190e-05	0.000000e+00	5.385621e-04	2.220000e-01	-1.385908e-04
shooting	8.120000e-01	8.120000e-01	7.342463e+00	2.194877e+00	-2.031309e-04	0.000000e+00	6.084194e-04	3.120000e-01	-4.524726e-04
shot	7.340000e-01	7.340000e-01	4.559254e+01	1.421121e+01	-1.126868e-03	0.000000e+00	3.845169e-03	2.340000e-01	-1.882569e-03
shrink	2.340000e-01	2.340000e-01	1.575377e+01	5.079545e+00	-3.503242e-04	0.000000e+00	1.348161e-03	-2.660000e-01	6.652939e-04
shy	1.400000e-01	1.400000e-01	9.306598e+00	1.233333e+00	-6.150997e-04	0.000000e+00	5.923584e-04	-3.600000e-01	1.580920e-03
skid	2.660000e-01	2.660000e-01	2.848464e+00	5.000000e-01	-1.599713e-04	0.000000e+00	1.954486e-04	-2.340000e-01	2.672512e-04
slaughter	8.910000e-01	8.910000e-01	3.761230e+00	1.767045e+00	4.436169e-05	0.000000e+00	3.858757e-04	3.910000e-01	1.238359e-04
slaughterhouse	8.590000e-01	8.590000e-01	6.698311e-02	1.062500e+00	2.388818e-04	0.000000e+00	1.259179e-04	3.590000e-01	6.122647e-04
slaughtering	8.750000e-01	8.750000e-01	1.476270e-02	0.000000e+00	-1.427490e-06	0.000000e+00	7.137451e-07	3.750000e-01	-3.821785e-06
slavery	7.500000e-01	7.500000e-01	5.606752e-01	3.333333e-01	2.276040e-05	0.000000e+00	6.559509e-05	2.500000e-01	4.062390e-05
slayer	8.440000e-01	8.440000e-01	3.823668e-01	6.111111e-01	1.041481e-04	0.000000e+00	8.904730e-05	3.440000e-01	2.557830e-04
sleepless	2.340000e-01	2.340000e-01	1.258026e-01	0.000000e+00	-1.216458e-05	0.000000e+00	6.082288e-06	-2.660000e-01	2.310151e-05
slender	1.000000e-01	1.000000e-01	5.373418e+00	2.000000e+00	-5.773482e-05	0.000000e+00	4.907192e-04	-4.000000e-01	1.648768e-04
slippery	1.810000e-01	1.810000e-01	2.927470e+00	1.428571e-01	-2.500844e-04	0.000000e+00	1.580316e-04	-3.190000e-01	5.695595e-04
sly	1.560000e-01	1.560000e-01	2.058025e+00	1.166667e-01	-1.720609e-04	0.000000e+00	1.129718e-04	-3.440000e-01	4.225737e-04
snake	7.760000e-01	7.760000e-01	7.042873e+01	4.985421e+01	4.702470e-03	0.000000e+00	9.161392e-03	2.760000e-01	9.266097e-03
snakes	8.020000e-01	8.020000e-01	0.000000e+00	0.000000e+00	0.000000e+00	0.000000e+00	0.000000e+00	3.020000e-01	0.000000e+00
sneak	2.660000e-01	2.660000e-01	4.524502e+01	1.361407e+01	-1.231158e-03	0.000000e+00	3.759421e-03	-2.340000e-01	2.056797e-03
somuchtodo	2.120000e-01	2.120000e-01	0.000000e+00	0.000000e+00	0.000000e+00	0.000000e+00	0.000000e+00	-2.880000e-01	0.000000e+00
soready	1.250000e-01	1.250000e-01	0.000000e+00	0.000000e+00	0.000000e+00	0.000000e+00	0.000000e+00	-3.750000e-01	0.000000e+00
sos	7.030000e-01	7.030000e-01	0.000000e+00	0.000000e+00	0.000000e+00	0.000000e+00	0.000000e+00	2.030000e-01	0.000000e+00
soscary	7.120000e-01	7.120000e-01	0.000000e+00	0.000000e+00	0.000000e+00	0.000000e+00	0.000000e+00	2.120000e-01	0.000000e+00
soulmate	6.200000e-02	6.200000e-02	4.885654e+00	1.424242e+00	-1.435274e-04	0.000000e+00	4.006581e-04	-4.380000e-01	4.488185e-04
speculation	1.760000e-01	1.760000e-01	9.686613e-01	9.090909e-02	-7.267214e-05	0.000000e+00	5.732933e-05	-3.240000e-01	1.681027e-04
spinster	2.500000e-01	2.500000e-01	1.239406e-02	0.000000e+00	-1.198452e-06	0.000000e+00	5.992261e-07	-2.500000e-01	2.139058e-06
sprite	1.250000e-01	1.250000e-01	3.741695e+00	1.166667e+00	-9.239238e-05	0.000000e+00	3.156097e-04	-3.750000e-01	2.473598e-04
spur	2.620000e-01	2.620000e-01	2.680378e+00	1.250000e+00	2.947623e-05	0.000000e+00	2.739192e-04	-2.380000e-01	-5.008535e-05
standoff	7.160000e-01	7.160000e-01	1.107938e+00	4.000000e-02	-9.789580e-05	0.000000e+00	5.818494e-05	2.160000e-01	-1.509662e-04
standstill	2.500000e-01	2.500000e-01	6.370137e-01	0.000000e+00	-6.159650e-05	0.000000e+00	3.079825e-05	-2.500000e-01	1.099405e-04
starvation	7.190000e-01	7.190000e-01	3.190699e-01	0.000000e+00	-3.085269e-05	0.000000e+00	1.542635e-05	2.190000e-01	-4.823908e-05
stealthy	2.500000e-01	2.500000e-01	1.245261e+00	1.000000e+00	1.105145e-04	0.000000e+00	1.756686e-04	-2.500000e-01	-1.972518e-04
stillness	1.880000e-01	1.880000e-01	3.468470e+00	0.000000e+00	-3.353862e-04	0.000000e+00	1.676931e-04	-3.120000e-01	7.470705e-04
stillwaiting	1.840000e-01	1.840000e-01	0.000000e+00	0.000000e+00	0.000000e+00	0.000000e+00	0.000000e+00	-3.160000e-01	0.000000e+00
stingy	2.190000e-01	2.190000e-01	1.809564e+00	1.071429e+00	7.244343e-05	0.000000e+00	2.111989e-04	-2.810000e-01	-1.453340e-04
strangle	7.500000e-01	7.500000e-01	3.990850e+00	7.016190e+00	1.234322e-03	0.000000e+00	1.003059e-03	2.500000e-01	2.203079e-03
struggle	7.190000e-01	7.190000e-01	5.695514e+01	2.054904e+01	-7.620123e-04	0.000000e+00	5.126312e-03	2.190000e-01	-1.191428e-03
submitting	2.810000e-01	2.810000e-01	0.000000e+00	0.000000e+00	0.000000e+00	0.000000e+00	0.000000e+00	-2.190000e-01	0.000000e+00
suffering	8.120000e-01	8.120000e-01	4.268032e+00	1.211111e+00	-1.330235e-04	0.000000e+00	3.461887e-04	3.120000e-01	-2.963090e-04
suffocating	8.580000e-01	8.580000e-01	2.242152e-03	0.000000e+00	-2.168066e-07	0.000000e+00	1.084033e-07	3.580000e-01	-5.541371e-07
suffocation	8.750000e-01	8.750000e-01	2.415068e-02	2.303030e-01	5.084766e-05	0.000000e+00	2.775910e-05	3.750000e-01	1.361332e-04
suicidal	8.980000e-01	8.980000e-01	1.630108e+00	4.650980e+00	9.164072e-04	0.000000e+00	6.158281e-04	3.980000e-01	2.603954e-03
suicide	8.790000e-01	8.790000e-01	7.566716e+00	4.851190e+00	3.885963e-04	0.000000e+00	9.259672e-04	3.790000e-01	1.051477e-03
suicidebombing	9.670000e-01	9.670000e-01	0.000000e+00	0.000000e+00	0.000000e+00	0.000000e+00	0.000000e+00	4.670000e-01	0.000000e+00
sunk	2.500000e-01	2.500000e-01	0.000000e+00	0.000000e+00	0.000000e+00	0.000000e+00	0.000000e+00	-2.500000e-01	0.000000e+00
surprise	1.720000e-01	1.720000e-01	8.656823e+01	1.970966e+01	-3.819306e-03	0.000000e+00	6.461124e-03	-3.280000e-01	8.943759e-03
surveillance	2.810000e-01	2.810000e-01	6.879209e-01	0.000000e+00	-6.651901e-05	0.000000e+00	3.325951e-05	-2.190000e-01	1.040044e-04
swamp	2.970000e-01	2.970000e-01	1.618972e+01	2.013485e+00	-1.100511e-03	0.000000e+00	1.015221e-03	-2.030000e-01	1.594969e-03
swampy	2.500000e-01	2.500000e-01	3.017901e+00	4.000000e-02	-2.825811e-04	0.000000e+00	1.505276e-04	-2.500000e-01	5.043650e-04
sweat	2.190000e-01	2.190000e-01	1.391242e+01	9.422435e+00	8.306127e-04	0.000000e+00	1.760578e-03	-2.810000e-01	-1.666352e-03
sweating	2.980000e-01	2.980000e-01	6.031540e-02	6.000000e+00	1.379723e-03	0.000000e+00	6.956937e-04	-2.020000e-01	-1.989780e-03
swelling	2.810000e-01	2.810000e-01	4.251786e-02	5.882353e-02	9.472580e-06	0.000000e+00	8.847585e-06	-2.190000e-01	-1.481065e-05
swim	1.250000e-01	1.250000e-01	1.121498e+02	1.932255e+01	-6.382324e-03	0.000000e+00	7.653240e-03	-3.750000e-01	1.708724e-02
syllabus	1.470000e-01	1.470000e-01	3.283561e-01	0.000000e+00	-3.175063e-05	0.000000e+00	1.587532e-05	-3.530000e-01	8.001822e-05
sympathetic	9.700000e-02	9.700000e-02	1.219797e+00	1.186869e-01	-9.054131e-05	0.000000e+00	7.267852e-05	-4.030000e-01	2.605035e-04
symptom	1.330000e-01	1.330000e-01	2.790380e+00	3.020000e+00	4.275784e-04	0.000000e+00	4.836070e-04	-3.670000e-01	-1.120324e-03
synonymous	5.600000e-02	5.600000e-02	1.000000e-01	0.000000e+00	-9.669573e-06	0.000000e+00	4.834786e-06	-4.440000e-01	3.065152e-05
tactics	2.190000e-01	2.190000e-01	0.000000e+00	0.000000e+00	0.000000e+00	0.000000e+00	0.000000e+00	-2.810000e-01	0.000000e+00
terminal	7.030000e-01	7.030000e-01	4.897654e+00	1.061667e+00	-2.284159e-04	0.000000e+00	3.593742e-04	2.030000e-01	-3.310427e-04
terrified	9.060000e-01	9.060000e-01	1.692562e+01	2.715039e+01	4.633092e-03	0.000000e+00	3.953181e-03	4.060000e-01	1.342947e-02
terrifies	7.980000e-01	7.980000e-01	0.000000e+00	0.000000e+00	0.000000e+00	0.000000e+00	0.000000e+00	2.980000e-01	0.000000e+00
terrifying	9.060000e-01	9.060000e-01	1.315510e+01	2.155545e+01	3.705668e-03	0.000000e+00	3.124876e-03	4.060000e-01	1.074124e-02
terror	9.530000e-01	9.530000e-01	1.029434e+01	2.113155e+01	3.884402e-03	0.000000e+00	2.937620e-03	4.530000e-01	1.256273e-02
terrorism	9.690000e-01	9.690000e-01	1.927424e-01	1.111111e-01	7.021064e-06	0.000000e+00	2.214790e-05	4.690000e-01	2.350918e-05
terrorist	9.720000e-01	9.720000e-01	6.726108e+00	1.555556e+00	-2.911679e-04	0.000000e+00	5.048020e-04	4.720000e-01	-9.811767e-04
terrorists	9.690000e-01	9.690000e-01	0.000000e+00	0.000000e+00	0.000000e+00	0.000000e+00	0.000000e+00	4.690000e-01	0.000000e+00
terrorize	9.220000e-01	9.220000e-01	1.923805e+00	1.484444e+00	1.567729e-04	0.000000e+00	2.644102e-04	4.220000e-01	4.723297e-04
thatmoment	2.340000e-01	2.340000e-01	0.000000e+00	0.000000e+00	0.000000e+00	0.000000e+00	0.000000e+00	-2.660000e-01	0.000000e+00
threaten	7.340000e-01	7.340000e-01	2.669797e+01	1.561083e+01	1.023366e-03	0.000000e+00	3.093262e-03	2.340000e-01	1.709655e-03
threatening	8.750000e-01	8.750000e-01	4.159414e+00	1.142857e+00	-1.382823e-04	0.000000e+00	3.330564e-04	3.750000e-01	-3.702198e-04
thrill	2.190000e-01	2.190000e-01	5.291415e+00	5.000000e-01	-3.961943e-04	0.000000e+00	3.135601e-04	-2.810000e-01	7.948338e-04
timidity	2.970000e-01	2.970000e-01	4.000000e-01	0.000000e+00	-3.867829e-05	0.000000e+00	1.933915e-05	-2.030000e-01	5.605638e-05
toomuchtodo	2.120000e-01	2.120000e-01	0.000000e+00	0.000000e+00	0.000000e+00	0.000000e+00	0.000000e+00	-2.880000e-01	0.000000e+00
torment	8.060000e-01	8.060000e-01	4.299715e+00	5.109524e+00	7.641572e-04	0.000000e+00	7.978426e-04	3.060000e-01	1.669421e-03
tornado	7.340000e-01	7.340000e-01	3.111227e+01	8.537049e+00	-1.036998e-03	0.000000e+00	2.489924e-03	2.340000e-01	-1.732429e-03
torture	9.840000e-01	9.840000e-01	7.777781e+00	1.212548e+01	2.048008e-03	0.000000e+00	1.776082e-03	4.840000e-01	7.076830e-03
tract	1.880000e-01	1.880000e-01	5.951937e-02	0.000000e+00	-5.755269e-06	0.000000e+00	2.877635e-06	-3.120000e-01	1.281982e-05
tragedies	7.500000e-01	7.500000e-01	0.000000e+00	0.000000e+00	0.000000e+00	0.000000e+00	0.000000e+00	2.500000e-01	0.000000e+00
tragedy	8.590000e-01	8.590000e-01	2.198033e+00	3.720238e-01	-1.266305e-04	0.000000e+00	1.492252e-04	3.590000e-01	-3.245596e-04
trauma	8.280000e-01	8.280000e-01	1.508612e+00	1.700000e+00	2.466977e-04	0.000000e+00	2.692251e-04	3.280000e-01	5.776978e-04
traumatic	8.440000e-01	8.440000e-01	2.736062e-01	2.500000e+00	5.508581e-04	0.000000e+00	3.018856e-04	3.440000e-01	1.352882e-03
treacherous	7.500000e-01	7.500000e-01	5.811065e-01	9.090909e-02	-3.519725e-05	0.000000e+00	3.859189e-05	2.500000e-01	-6.282183e-05
treachery	8.560000e-01	8.560000e-01	1.158331e-01	4.333333e-01	8.886731e-05	0.000000e+00	5.563422e-05	3.560000e-01	2.258675e-04
treat	9.400000e-02	9.400000e-02	2.193503e+01	7.848846e+00	-3.085225e-04	0.000000e+00	1.966763e-03	-4.060000e-01	8.942823e-04
tryout	1.250000e-01	1.250000e-01	3.555568e-01	0.000000e+00	-3.438082e-05	0.000000e+00	1.719041e-05	-3.750000e-01	9.204693e-05
tryouts	2.100000e-01	2.100000e-01	0.000000e+00	0.000000e+00	0.000000e+00	0.000000e+00	0.000000e+00	-2.900000e-01	0.000000e+00
tumor	7.660000e-01	7.660000e-01	2.106117e+00	0.000000e+00	-2.036525e-04	0.000000e+00	1.018262e-04	2.660000e-01	-3.867525e-04
turmoil	7.330000e-01	7.330000e-01	2.443661e-01	1.184524e+00	2.499080e-04	0.000000e+00	1.485832e-04	2.330000e-01	4.157171e-04
tyrannical	7.340000e-01	7.340000e-01	5.898572e-02	0.000000e+00	-5.703667e-06	0.000000e+00	2.851833e-06	2.340000e-01	-9.528659e-06
tyranny	7.500000e-01	7.500000e-01	2.421963e-01	0.000000e+00	-2.341934e-05	0.000000e+00	1.170967e-05	2.500000e-01	-4.180002e-05
tyrant	7.880000e-01	7.880000e-01	5.748290e-01	4.000000e+00	8.681200e-04	0.000000e+00	4.896435e-04	2.880000e-01	1.784983e-03
unbridled	2.710000e-01	2.710000e-01	5.000000e-01	0.000000e+00	-4.834786e-05	0.000000e+00	2.417393e-05	-2.290000e-01	7.904502e-05
uncanny	2.660000e-01	2.660000e-01	3.226353e+00	0.000000e+00	-3.119745e-04	0.000000e+00	1.559873e-04	-2.340000e-01	5.211909e-04
uncertain	1.720000e-01	1.720000e-01	4.549605e+00	5.138095e+00	7.465917e-04	0.000000e+00	8.132233e-04	-3.280000e-01	-1.748311e-03
undecided	9.800000e-02	9.800000e-02	8.189019e-02	0.000000e+00	-7.918431e-06	0.000000e+00	3.959215e-06	-4.020000e-01	2.272621e-05
unequal	2.190000e-01	2.190000e-01	1.136364e-02	0.000000e+00	-1.098815e-06	0.000000e+00	5.494075e-07	-2.810000e-01	2.204412e-06
unfamiliar	2.500000e-01	2.500000e-01	8.873633e+00	3.473232e+00	-5.598321e-05	0.000000e+00	8.300508e-04	-2.500000e-01	9.992166e-05
unfriendly	2.810000e-01	2.810000e-01	1.406891e+00	5.000000e-01	-2.057743e-05	0.000000e+00	1.257516e-04	-2.190000e-01	3.217340e-05
unorganised	1.880000e-01	1.880000e-01	1.111111e-01	0.000000e+00	-1.074397e-05	0.000000e+00	5.371985e-06	-3.120000e-01	2.393212e-05
unruly	2.810000e-01	2.810000e-01	2.334567e-01	5.000000e-01	9.288867e-05	0.000000e+00	6.901860e-05	-2.190000e-01	-1.452341e-04
unsure	1.720000e-01	1.720000e-01	3.227824e+01	8.327323e+00	-1.198173e-03	0.000000e+00	2.522081e-03	-3.280000e-01	2.805790e-03
unsurpassed	2.970000e-01	2.970000e-01	0.000000e+00	0.000000e+00	0.000000e+00	0.000000e+00	0.000000e+00	-2.030000e-01	0.000000e+00
upheaval	7.030000e-01	7.030000e-01	4.342949e-01	0.000000e+00	-4.199446e-05	0.000000e+00	2.099723e-05	2.030000e-01	-6.086250e-05
uphill	2.030000e-01	2.030000e-01	1.506126e+00	6.666667e-01	8.314632e-06	0.000000e+00	1.497933e-04	-2.970000e-01	-1.763036e-05
validity	1.410000e-01	1.410000e-01	1.349089e+00	0.000000e+00	-1.304511e-04	0.000000e+00	6.522557e-05	-3.590000e-01	3.343521e-04
veer	2.190000e-01	2.190000e-01	1.740495e+00	2.121324e+00	3.215701e-04	0.000000e+00	3.290834e-04	-2.810000e-01	-6.451248e-04
vendetta	7.030000e-01	7.030000e-01	1.669176e-01	0.000000e+00	-1.614022e-05	0.000000e+00	8.070108e-06	2.030000e-01	-2.339199e-05
vengeance	8.440000e-01	8.440000e-01	1.511602e+00	4.444444e-01	-4.353174e-05	0.000000e+00	1.243996e-04	3.440000e-01	-1.069119e-04
venom	8.040000e-01	8.040000e-01	4.009880e+00	7.500000e-01	-2.145439e-04	0.000000e+00	2.804663e-04	3.040000e-01	-4.656413e-04
venomous	7.810000e-01	7.810000e-01	6.426559e-01	1.000000e+00	1.687838e-04	0.000000e+00	1.465340e-04	2.810000e-01	3.386093e-04
verge	2.340000e-01	2.340000e-01	7.154851e+00	3.000000e+00	9.341281e-07	0.000000e+00	6.923106e-04	-2.660000e-01	-1.773985e-06
victimized	7.340000e-01	7.340000e-01	0.000000e+00	0.000000e+00	0.000000e+00	0.000000e+00	0.000000e+00	2.340000e-01	0.000000e+00
violation	7.660000e-01	7.660000e-01	9.169285e-01	0.000000e+00	-8.866307e-05	0.000000e+00	4.433154e-05	2.660000e-01	-1.683783e-04
violence	8.120000e-01	8.120000e-01	8.374413e+00	5.462500e+00	4.516626e-04	0.000000e+00	1.035601e-03	3.120000e-01	1.006075e-03
violent	8.120000e-01	8.120000e-01	2.025134e+01	1.621976e+01	1.787344e-03	0.000000e+00	2.851890e-03	3.120000e-01	3.981295e-03
violently	8.280000e-01	8.280000e-01	7.460347e+00	3.692201e+00	1.312410e-04	0.000000e+00	7.870041e-04	3.280000e-01	3.073301e-04
volunteer	3.100000e-02	3.100000e-02	5.092535e+00	1.216270e+00	-2.115582e-04	0.000000e+00	3.866473e-04	-4.690000e-01	7.083771e-04
waiting	1.410000e-01	1.410000e-01	2.618657e+00	1.404762e+00	7.118296e-05	0.000000e+00	2.888044e-04	-3.590000e-01	-1.824451e-04
waitinggame	1.880000e-01	1.880000e-01	0.000000e+00	0.000000e+00	0.000000e+00	0.000000e+00	0.000000e+00	-3.120000e-01	0.000000e+00
wan	2.810000e-01	2.810000e-01	2.080175e+00	0.000000e+00	-2.011441e-04	0.000000e+00	1.005720e-04	-2.190000e-01	3.144945e-04
war	9.420000e-01	9.420000e-01	4.793473e+01	1.282479e+01	-1.673506e-03	0.000000e+00	3.798330e-03	4.420000e-01	-5.280942e-03
warcrimes	7.850000e-01	7.850000e-01	0.000000e+00	0.000000e+00	0.000000e+00	0.000000e+00	0.000000e+00	2.850000e-01	0.000000e+00
ware	1.980000e-01	1.980000e-01	2.310556e+00	0.000000e+00	-2.234209e-04	0.000000e+00	1.117104e-04	-3.020000e-01	4.817175e-04
warfare	8.590000e-01	8.590000e-01	9.812283e-01	0.000000e+00	-9.488058e-05	0.000000e+00	4.744029e-05	3.590000e-01	-2.431832e-04
warlike	7.810000e-01	7.810000e-01	8.928571e-03	0.000000e+00	-8.633547e-07	0.000000e+00	4.316773e-07	2.810000e-01	-1.732038e-06
warning	2.970000e-01	2.970000e-01	1.953144e+01	6.942857e+00	-2.853217e-04	0.000000e+00	1.745946e-03	-2.030000e-01	4.135162e-04
watch	1.880000e-01	1.880000e-01	6.778501e+02	2.077656e+02	-1.756676e-02	0.000000e+00	5.676182e-02	-3.120000e-01	3.912984e-02
waver	2.190000e-01	2.190000e-01	9.104647e-01	1.428571e-01	-5.504863e-05	0.000000e+00	6.051373e-05	-2.810000e-01	1.104370e-04
weight	1.090000e-01	1.090000e-01	2.329852e+01	9.258824e+00	-1.147653e-04	0.000000e+00	2.195485e-03	-3.910000e-01	3.203680e-04
weighty	2.970000e-01	2.970000e-01	3.266016e-02	0.000000e+00	-3.158098e-06	0.000000e+00	1.579049e-06	-2.030000e-01	4.577026e-06
whatif	2.190000e-01	2.190000e-01	0.000000e+00	0.000000e+00	0.000000e+00	0.000000e+00	0.000000e+00	-2.810000e-01	0.000000e+00
wishmeluck	2.120000e-01	2.120000e-01	0.000000e+00	0.000000e+00	0.000000e+00	0.000000e+00	0.000000e+00	-2.880000e-01	0.000000e+00
witchcraft	7.030000e-01	7.030000e-01	1.623613e+00	7.500000e-01	1.619794e-05	0.000000e+00	1.650954e-04	2.030000e-01	2.347565e-05
withstand	1.970000e-01	1.970000e-01	2.697001e+00	0.000000e+00	-2.607885e-04	0.000000e+00	1.303942e-04	-3.030000e-01	5.641477e-04
worship	1.720000e-01	1.720000e-01	3.062713e+00	1.000000e+00	-6.522534e-05	0.000000e+00	2.635385e-04	-3.280000e-01	1.527397e-04
wrecked	7.030000e-01	7.030000e-01	1.730193e-01	1.125000e+00	2.430614e-04	0.000000e+00	1.382609e-04	2.030000e-01	3.522685e-04
wrenching	7.500000e-01	7.500000e-01	0.000000e+00	0.000000e+00	0.000000e+00	0.000000e+00	0.000000e+00	2.500000e-01	0.000000e+00
yelp	2.810000e-01	2.810000e-01	4.687163e-01	2.182540e+00	4.586820e-04	0.000000e+00	2.746639e-04	-2.190000e-01	-7.171626e-04
youth	6.200000e-02	6.200000e-02	4.366881e+00	2.466667e+00	1.473584e-04	0.000000e+00	4.959379e-04	-4.380000e-01	-4.607983e-04
